scope	address	kind	evidence	text
global	0x8000D0B8	repeatable	Runtime-confirmed	Function-Registry.md: Debug stage-select menu — Production A-button title route
global	0x8000322C	repeatable	Static-confirmed	Function-Registry.md: Embedded image decompression dispatcher — Ordinary types come from header byte `+3`; exact header `0x05000000` is special-cased to fighter codec type 5. Type 4 dispatches to `0x80003428`; type 5 dispatches through `0x80003314
global	0x80003428	repeatable	Static-confirmed	Function-Registry.md: Type-4 embedded image decoder — Separate control/token streams with a 1024-byte ring buffer; exact decode reproduced Water embedded Potion frames byte-for-byte against Fire external Potion payloads
global	0x80003314	repeatable	Static-confirmed; Ghidra listing-confirmed	Switch case 5 inside the image decoder dispatch routine, not an independent function. Ghidra label switchD_80003278::caseD_5; this code calls the native Type-5 decoder at 0x80065E00.
global	0x80065E00	repeatable	Static-confirmed	Function-Registry.md: Type-5 fighter-image decoder — Decodes native fighter data in 2-row x 4-pixel blocks from a per-image model/dictionary table; stock Sub-Zero frames use this path
global	0x80015088	repeatable	Static-confirmed; maintainer Ghidra listing confirmation	Function-Registry.md: Shared Pause / stage-event dispatcher. Reads 0x800C255A; state 0x802ECE18=2 selects class-0x400 native Pause menu callback 0x80016300; state=0x18 selects class-0x15 stage reconstruction callback 0x80016080. Reconciles previously separate Wiki descriptions of the same address.
global	0x8001C528	repeatable	Static/runtime-confirmed at known callers	Function-Registry.md: Presentation resource / palette-selector loader — Pickup manager calls it with record `+0x28` presentation pointer + 4. Separately, animation token-`0x0B` handler `0x80030974` calls it with fixed record `0x800B1A24`, `a1=0x100`, `a2=0`; on success the handler stores `(return - 0x80)` to the newly constructed actor `+0x9E` before insertion. This establishes the straight-Ice projectile's pre-insertion selector bind; broader internal resource semantics remain bounded to the traced callers.
global	0x80024650	repeatable	Static-confirmed	Function-Registry.md: Active actor-list insertion helper — Links an already-constructed actor into list head `0x80111C98`, sorting by signed actor `+0x5C` and then actor `+0x30`; writes only list-link field `actor+0x00` / predecessor link. It performs no descriptor, palette, render-record, position, ownership, or allocation initialization. Used by Zap token-`0x0B` and helper actors. This makes list publication a distinct lifecycle seam from actor construction/frame binding.
global	0x800281A0	repeatable	Static-confirmed	Function-Registry.md: Resource-entry resolver/actor setup wrapper — Receives pointer to one outer-selector entry, loads its file-relative descriptor offset, adds current stage resource base, then calls `0x80028128
global	0x8002830C	repeatable	Static-confirmed	Function-Registry.md: Generic controller/process allocator/clone — Allocates a controller/process with supplied class/type and callback, links it into the controller list, and inherits current controller actor/animation/context fields; used by projectile bridge `0x8004CBC4
global	0x80028128	repeatable	Static-confirmed	Function-Registry.md: Resource-backed actor constructor helper — Consumes direct descriptor pointer produced by `0x800281A0
global	0x8001BF70	repeatable	Static-confirmed; Runtime-confirmed in v89 composition	Function-Registry.md: Synchronous fixed texture-slot initializer / uploader — Installs 16-byte slot metadata at `0x802E83F0 + id*0x10`, updates backing pointer table `0x800ED940[id]`, queues pixels through `0x8001D6EC` when source is nonzero, and immediately drains with `0x8001D7F0(1)`. Stock HUD uses it for slots `0x11..0x16`; other traced loader code also uses it directly. Toasty v11 rejects one particular independent slot-`0x17` recipe, not the helper's general synchronous semantics. v89 Runtime-confirms that using it as a disposable pre-publication projectile-slot preparation removes the stale one-frame texture while preserving the correct rocket. The exact proof allocation/storage recipe remains one-shot and is not yet a production lifetime contract.
global	0x8001C2B4	repeatable	Static-confirmed	Function-Registry.md: Dynamic texture/screen-image allocator — Searches IDs `0x200..0x2FF`. New allocations round width up to 32 for backing capacity, populate the 16-byte record at `0x802E83F0 + id*0x10`, set `+0x0E = 1`, and publish `0x800ED940[id]`. Reuse may return an inactive capacity-compatible record without refreshing `+0x08`; stock callers therefore rewrite `record+0x08` with the current source-image width after allocation.
global	0x8001E578	repeatable	Static-confirmed	Function-Registry.md: Context-specific render family — Not a universal gameplay-HUD API
global	0x8001F7A8	repeatable	Static/runtime-confirmed	Function-Registry.md: Gameplay textured-node renderer — Used by the gameplay HUD queue. Node `+0x4A` is texture-slot ID; node `+0x4C` is palette selector. For the CI8 path the renderer reads slot-record `+0x08` and emits it as the RDP `SetTextureImage` DRAM image width, then loads the node's `+0x10/+0x12 .. +0x20/+0x22` source rectangle through load tile 7 and renders through tile 0. The stock Toasty-hook source node supplies S/T `0,0`, step `1,1`, and point-filter mode. Palette selector resolves through `0x80290A00 + id*8` and `0x802E73E0 + index*4` to a hardware-ready CI8 RGBA5551 TLUT.
global	0x8001EAE4	repeatable	Runtime-confirmed	Function-Registry.md: Render-node submit — Gameplay HUD queue; v08 confirms additional textured-node submission, and v09 runtime-confirms texture slot binding through node halfword `+0x4A
global	0x80017F80	repeatable	Static-confirmed	Function-Registry.md: Actor motion/update integrator — Normal actor path (`+0xDC==0`) reads local velocity `+0x14/+0x18`, shifts `>>8`, rotates through actor orientation, and adds `3x` transformed components to fixed8 world position `+0x2C/+0x30/+0x34`; called once per gameplay movement/render loop at `0x80014258
global	0x8002018C	repeatable	Runtime-confirmed	Function-Registry.md: Render-node allocator — Allocates `0x58`-byte node
global	0x80028F3C	repeatable	Static-confirmed	Function-Registry.md: Main player locomotion/state process — Normal horizontal state reads semantic input through controller `+0x638`, records active Left/Right at `+0x68C`, derives opposite-facing marker `+0x704`, and selects forward/backward locomotion
global	0x80028610	repeatable	Static-confirmed	Function-Registry.md: Main process scheduler/dispatcher — Runs once per gameplay main-loop iteration on the normal route; decrements controller sleep `+0x6DA` by elapsed retrace count `0x802FCD44 + 1` on the ordinary path, context-switching runnable controllers through `0x8007CAF8`. Main gameplay later waits for `0x802FCD44 >= 2`, yielding the established ~30-Hz ordinary gameplay scheduler cadence.
global	0x80028794	repeatable	Static-confirmed	Function-Registry.md: Process sleep/yield — Stores requested sleep at current controller `+0x6DA` and context-switches through `0x8007CAF8`; ordinary Run calls it with `1` before each animation-rate advance.
global	0x8002FE54	repeatable	Static-confirmed	Function-Registry.md: Fighter animation-table selector — Argument `a0=0` indexes file-relative table 0 at `+0x000`; nonzero `a0` adds `0x104` and indexes table 1. The loaded word is added to actor `+0x98` and stored as the controller's current cursor `+0x6E4`. No bounds check is performed. Because MKMSZ table 0 has 65 entries, table-0 index `0x41+n` aliases table-1 index `n`; stock code intentionally uses this aliasing. Computed reaction indices must be bounded before pruning roots.
global	0x8002EB38	repeatable	Static-confirmed	Function-Registry.md: Ordinary Run setup — Selects primary animation slot `0x2B` through `0x8002FE54`, installs animation rate `2` through `0x80031724`, then applies facing-aware horizontal velocity. Run loop caller at `0x800296B0` sleeps one process tick and invokes `0x8003174C` once per active iteration.
global	0x80031724	repeatable	Static-confirmed	Function-Registry.md: Animation-rate initializer — Stores period argument at controller `+0x6A6`; primes countdown `+0x6A8` to `1` (or `0xFFF` for never-advance). Ordinary Run passes `2`; cadence audit identifies `3` as the donor-equivalent Sektor Run period on the ~30-Hz target scheduler.
global	0x8003174C	repeatable	Static-confirmed	Function-Registry.md: Rate-gated animation advance — Decrements controller `+0x6A8`; when zero, reloads period from `+0x6A6` and advances the current script through `0x800304C0` or `0x800317C8` according to actor flags. Ordinary Run calls it once after each `process_sleep(1)`.
global	0x80030178	repeatable	Static-confirmed	Function-Registry.md: Forward locomotion setup — Loads fighter-specific forward movement parameters, sets movement state, and returns selector `1` for primary animation slot `0x01
global	0x80030208	repeatable	Static-confirmed	Function-Registry.md: Backward locomotion setup — Loads fighter-specific backward movement parameters, sets movement state, and returns selector `2` for primary animation slot `0x02
global	0x8003188C	repeatable	Static-confirmed	Function-Registry.md: Actor facing flip — Toggles actor `+0x8C bit 0x10` and runs native frame/setup helper `0x8001BDA0`; preferred facing primitive over a raw bit write
global	0x8003D86C	repeatable	Static-confirmed	Function-Registry.md: Native turn-action routine — Selects **secondary table-1 slot `0x03`** (`file 0x87 +0xE84`) and runs the stock turn-action sequence through the current controller; the older primary-`0x03` description was incorrect. Not intrinsically player-only.
global	0x8004A6E8	repeatable	Static-confirmed	Function-Registry.md: Controller face-policy scanner — Scans controller classes `2..5` and returns `0x8000` if any located controller has `+0x6BC & 0x0200`, otherwise `0x4000`; exact higher-level gameplay name/caller remains unresolved
global	0x80031D00	repeatable	Static-confirmed	Function-Registry.md: Find nearest opponent controller — Scans the two opponent controller classes used by the player-facing helpers and returns the nearest X-distance candidate
global	0x80031EF0	repeatable	Static-confirmed	Function-Registry.md: Face opponent — Resolves desired side through `0x80031DDC` and calls `0x8003188C` only when actor facing differs
global	0x8002B1EC	repeatable	Static-confirmed	Function-Registry.md: Player horizontal-velocity helper — Writes actor `+0x14` and `+0x58`; corrected movement primitive
global	0x80016008	repeatable	Static-confirmed	Function-Registry.md: Per-thousand random gate (`randper`) — Generates a native random value, reduces it modulo 1000, and returns `0x8000` when the result is below the unsigned argument, otherwise `0x4000`; v43 Toasty uses argument `0x40` for the supplied-retail normal-background 6.4% gate.
global	0x8002DF28	repeatable	Static-confirmed	Function-Registry.md: Successful/unblocked victim-reaction transfer seam — Reached only after the normal collision core has separated the blocked branch; immediately prior, stock reads strike-record `+0x08` high byte, resolves `0x800A1190[reaction]`, and places the reaction callback in `a0`. Stock calls `0x8002E078` with victim controller in `a1`; v43 interposes here and preserves that transfer.
global	0x8002E078	repeatable	Static-confirmed	Function-Registry.md: Victim reaction callback transfer — Installs the already-resolved reaction callback on the victim controller through `0x80032CD4` and marks the victim reacting; used by the narrow Toasty v43 seam.
global	0x8002E104	repeatable	Static-confirmed	Function-Registry.md: Central XP award — Current XP at `0x8011200C
global	0x8002FCDC	repeatable	Static-confirmed	Function-Registry.md: Lower-level fighter allocator — Stores fighter type at actor `+0x78
global	0x80030974	repeatable	Static-confirmed	Function-Registry.md: Internal animation token `0x0B` switch arm (0x800304C0 owner; 0x800AD478 table target); NOT a standalone function — Drives Zap/resource secondary-actor creation through `0x80034510`; captures the newly constructed actor at `+0x714`, restores the owner to `+0x6E0`, advances the animation cursor, calls `0x8001C528(0x800B1A24,0x100,0)`, stores `(return-0x80)` at actor `+0x9E`, copies `+0x714 -> +0x648`, then inserts the secondary actor with `0x80024650`. This separates constructor descriptor choice from the actor's pre-insertion presentation/palette selector.
global	0x80031394	repeatable	Static-confirmed; unsafe v78 usage Runtime-confirmed	Function-Registry.md: Actor origin/facing/render-anchor aligner — Copies owner `+0x2C/+0x30` to child; branches on child `+0x64 & 2`, may call `0x8003188C`, otherwise reads child render record `+0x7C` and adjusts X/Y by descriptor geometry. v78 direct use before the rocket descriptor hard-hung; prerequisite actor/descriptor state is unresolved.
global	0x80031208	repeatable	Static-confirmed	Function-Registry.md: Facing-aware local-XY to world-position adjustment — On fresh projectile path `+0xDC==0`, consumes signed whole local X/Y, mirrors X for flip bit `0x10`, rotates `(x,y,0)` by actor orientation with unity matrix scale, then adds integer world delta `<<8` to actor `+0x2C/+0x30/+0x34`; stock straight-Ice call `0x8004AFF8` supplies `+0x648`, the same staged actor later transferred from `+0x714
global	0x80032CD4	repeatable	Static-confirmed	Function-Registry.md: Special-action callback installer — Installed top-level callback must transfer/nonreturn
global	0x80034510	repeatable	Static-confirmed	Function-Registry.md: Animation-stream resource actor creation helper — Consumes the resource entry following token `0x0B`, reaches `0x800281A0 -> 0x80028128`, and participates in staging a secondary actor while preserving the owner actor
global	0x80038770	repeatable	Static-confirmed; Prison checkpoint behavior Runtime-confirmed	Function-Registry.md: Generic stage key/crystal stock-award callback — Stage-dispatches stock key/crystal award semantics. Prison parameters 0/1 award `0x1A/0x1B`, write selector `7/8`, and participate in the generic presentation path; Prison L1 v08 proves its acquired-bit credential must be preserved while pickup-created presentation/selector state can be suppressed. Fortress stage `9` awards IDs `0x20..0x22` and commits acquired bits while skipping the direct `0x80062D60` presentation request and pickup-created `0x802C18F8` selector writes. Wind records call their overlay wrapper instead; Earth/Water use their own overlay callbacks.
global	0x80075448	repeatable	Static-confirmed	Function-Registry.md: Ten-slot LIVE inventory insert primitive — Scans LIVE inventory at `0x800A600C` for the first `-1` slot, writes the supplied item ID, and returns success/failure. No Wind selector/checkpoint side effect was found in this primitive. It is therefore a candidate logical-award primitive, not by itself an accepted production dispatcher.
global	0x80002588	repeatable	Static-confirmed	Function-Registry.md: Common stage-data parser / scene-trigger publisher — Parses stage data and publishes the first 60-byte spatial trigger record at `0x801114F4` plus its record count at `0x802F8228`. The exact Wind source-record catalog remains Pending, but the runtime table ownership and stride are statically established.
global	0x8003BF4C	repeatable	Static-confirmed	Function-Registry.md: Stage spawn-coordinate selector/initializer — Reads `0x802C18F8` at `0x8003BF54` / ROM `0x3CB54`, selects a 20-byte stage spawn record through the stage table, and writes actor X/Y/Z plus initial coordinates. Player construction reaches it through `0x8002EC78 -> 0x8002ECF4 -> 0x8002EDFC`; another actor-construction path calls it at `0x8002EF08`, so any proof must guard player scope.
global	0x8001D520	repeatable	Static-confirmed	Function-Registry.md: Generic sprite-node builder — Consumes an ID-indexed sprite/resource entry, allocates a `0x58` render node through `0x8002018C`, stores the sprite ID at node `+0x4A`, and submits through `0x8001EAE4`. Shared rendering machinery; not a key-only patch seam.
global	0x800388FC	repeatable	Runtime-confirmed	Function-Registry.md: Potion pickup — Adds inventory ID `0x01
global	0x8003892C	repeatable	Runtime-confirmed	Function-Registry.md: Shield pickup — Adds ID `0x06
global	0x8003895C	repeatable	Static/runtime-confirmed	Function-Registry.md: Eye pickup — Adds ID `0x03
global	0x8003898C	repeatable	Static/runtime-confirmed	Function-Registry.md: Formula pickup — Adds ID `0x02
global	0x800389BC	repeatable	Runtime-confirmed	Function-Registry.md: Herbs pickup — Adds ID `0x04
global	0x800389EC	repeatable	Static/runtime-confirmed	Function-Registry.md: Health urn pickup — Adds ID `0x05
global	0x80038A1C	repeatable	Static-confirmed	Function-Registry.md: Extra-life urn pickup — Ordinary catalog callback
global	0x80038A58	repeatable	Static-confirmed	Function-Registry.md: Mana pickup — Native mana, distinct from Herbs despite legacy Lua substitution
global	0x80038A90	repeatable	Static-confirmed	Function-Registry.md: Strength urn pickup — Adds ID `0x0B
global	0x80038ACC	repeatable	Static/runtime-confirmed	Function-Registry.md: Pickup manager — Production restore hook
global	0x80038EF8	repeatable	Static-confirmed; Ice Blast cancel v01 Runtime-confirmed bounded	Function-Registry.md: Ordinary pickup action-eligibility seam — Stock accepts the ordinary pickup action state `0x303`. The post-1.0 proof additionally normalizes **normal ground Ice Blast only** into that accepted state when controller `+0x6F0 == 0x8004AB84` and native Ice mode `0x80111F98 == 0`, then leaves stock Pickup input/spatial gates authoritative.
global	0x80038FA4	repeatable	Static-confirmed; Ice Blast cancel v01 Runtime-confirmed bounded	Function-Registry.md: Ordinary pickup transition-commit seam — Reached after stock pickup interaction/spatial gates. The proof replays the displaced player-controller load, rechecks normal Ice, clears special-action lock `0x800BF308`, then returns to the stock pickup transition. Proof-only / Post-1.0.
global	0x800490CC	repeatable	Static-confirmed	Function-Registry.md: Shinnok Amulet pickup — Adds ID `0x23`; outside ordinary tables
global	0x8004AA4C	repeatable	Static-confirmed	Function-Registry.md: Special-action scheduler context-transfer shim — Dispatch table at `0x800A1050`; not a generic initializer
global	0x8004AB84	repeatable	Static-confirmed	Function-Registry.md: Complete ice-projectile action root — Includes special lock behavior
global	0x8004AB0C	repeatable	Static-confirmed	Function-Registry.md: Ice blue screen-tint process callback — Calls `0x80044964(0x80,0x80,0xC0,0x80,6)` then native process exit `0x80028564`. Separate from companion actor and projectile child processes.
global	0x80062D60	repeatable	Static-confirmed; visible-banner identity unproven	Function-Registry.md: Timed sprite/effect presentation process — Plays sound `0x3B`, creates presentation state, submits sprite ID `0x398` via `0x8001D520` for ~60 iterations, then releases it. Generic key callback, Strength urn, stage scripts, and overlay code can spawn it. v01/v02 prove the three generic-key spawn sites are not a complete suppression seam. Do not globally patch it; sprite `0x398` has not been visually proven to be the surviving `CHECK POINT` banner.
global	0x8004B82C	repeatable	Static-confirmed	Function-Registry.md: Ice-projectile flight callback — On straight mode zero loads file-`0x87 +0xFD0 = +0xD90` rocket cursor, calls one-time `0x8004CC14`, then v75 injects initial velocity and flight callback; the parent wrapper is bypassed
global	0x8004B584	repeatable	Static-confirmed	Function-Registry.md: Parent preflight actor frame/strike check — Makes `+0x714` current and calls stock `0x800304C0`, consuming Ice entry `+0xDC4` before child flight on normal mode zero; restores owner before strike/handoff
global	0x8001BDA0	repeatable	Static-confirmed	Function-Registry.md: Actor descriptor/render-record binding — Writes `+0x74/+0x7C` descriptor geometry; initialized `+0x8C bit 0x40` path marks `+0xFA` dirty and resolves `+0x68/+0x80` from texture slot `+0x9C` and palette selector `+0x9E`; both relevant zero-preword entries mark dirty even on same-shape binds
global	0x8004CBC4	repeatable	Static-confirmed	Function-Registry.md: Projectile child-process bridge — Allocates a child through `0x8002830C` with class/tag `0x700`, copies parent/opponent context, binds parent `+0x714` to child actor `+0x6E0`, tags that actor `0x700`, and clears parent `+0x648`; parent `+0x714` is not cleared here
global	0x8004CC14	repeatable	Static-confirmed	Function-Registry.md: Projectile velocity/animation-rate setup helper — Writes facing-aware projectile actor `+0x14`, then calls `0x80031724` with the supplied rate; suitable as a setup primitive, not player propulsion and not yet established as the generic per-tick acceleration primitive
global	0x8004CC50	repeatable	Static-confirmed	Function-Registry.md: Generic projectile flight/collision loop — Latches child callback `+0x70C -> +0x680` once at entry; each iteration sleeps/updates animation, performs offscreen/lifetime checks, calls `+0x680` when nonzero, then resolves strike semantics through `0x8004CE6C/0x8004CF3C`; does not itself rewrite projectile actor `+0x14` velocity between callbacks
global	0x8004CDF8	repeatable	Static-confirmed	Function-Registry.md: Projectile actor/child process exit — Removes actor through `0x80028408/0x80024B00`, then terminates the active projectile process through `0x80028564`; reached on generic flight offscreen/lifetime paths.
global	0x8004B524	repeatable	Static-confirmed	Function-Registry.md: Ice parent special-action exit — Clears special lock `0x800BF308` and invokes `0x800328FC` on the current owner actor after parent recovery.
global	0x8004CE6C	repeatable	Static-confirmed	Function-Registry.md: Projectile strike-record resolver — Uses projectile fighter type plus supplied selector to resolve the target fighter strike table before dispatch
global	0x8000C6D8	repeatable	Static-confirmed	Function-Registry.md: PRIS armed-grunt ranged aim selector — Shared permanent-code AI action for types `0x15/0x16/0x17`; bounds horizontal separation to 450, derives target slope, and installs one of the common aim callbacks that enter `0x80043B18`. Types `0x16/0x17` use this action exclusively across all four traced distance bands; `0x15` mixes it with two common-code alternatives in the two nearer bands.
global	0x80043B18	repeatable	Static-confirmed	Function-Registry.md: Armed-grunt ranged action / projectile process setup — Indexes a `0x28`-byte shot-parameter record by `type-0x15`, advances the parent attack animation, allocates class `0x806` with callback `0x80043EB0`, copies shot fields, and continues parent recovery.
global	0x80043EB0	repeatable	Static-confirmed	Function-Registry.md: Armed-grunt projectile flight/effect process — Owns type-specific SFX/offsets, starts common helpers `0x80060E68/0x80061220`, constructs the visible shot through `0x80047160`, applies velocity/aim fields, and loops through `0x8004CF3C` collision until impact/range exit.
global	0x8004CF3C	repeatable	Static-confirmed	Function-Registry.md: Armed-grunt projectile strike dispatch — Uses projectile actor type to resolve `0x800AF340[type]`, indexes the supplied shot selector, and calls `0x8002BA04`. PRIS projectile records select reactions `0x30/0x31/0x32` for types `0x15/0x16/0x17` respectively.
global	0x80057478	repeatable	Static-confirmed for GRUNT2 and PRIS armed family	Function-Registry.md: Fighter-family morph/disarm helper — Existing `0x0F -> 0x0E` morph remains valid. For `0x15/0x16/0x17`, rebinds the fighter to base file `0x8E`, changes type to `0x14`, selects the base animation, and starts detached-weapon process `0x8005E1FC` using the armed variant's original primary file.
global	0x8005E1FC	repeatable	Static-confirmed for PRIS armed family	Function-Registry.md: Detached fighter-weapon presenter — Acquires the palette from the supplied primary-file-relative record, constructs the primary file's secondary slot 0, positions it at the owner, runs the detached-object animation/physics, then removes/releases it. Decoded `0x8F` slot-0 art is the long staff; `0x90` is the large cannon/launcher; `0x91` is a distinct Bridge weapon.
global	0x80053DA8	repeatable	Static-confirmed for Water stage ID `2	Function-Registry.md: Ordinary fighter shared terminal presentation — Binds current stage resource base `0x802E82B8` to actor `+0x98`, resolves selector word `+0x28` (selector `10`) into the animation cursor, advances six frames, then decrements encounter count and releases/despawns. Dispatcher `0x80056F80..0x80057060` reaches this for Water MONK5/MONK6 and imported GRUNT2; Water cross-stage GRUNT2 runtime remains untested.
global	0x80053E8C	repeatable	Static-confirmed for GRUNT1 and PRIS armed/base terminal routing	Function-Registry.md: Fighter-file terminal presentation/cleanup — Type `0x0E` reads file-`0x22 +0x2555C` and root `0x32` before cleanup. Types `0x15/0x16/0x17` reach this function but, while still armed, take its direct cleanup/despawn branch rather than a stage-selector presentation. If first disarmed by `0x80057478`, they become type `0x14`; the `0x14` path uses file-`0x8E` palette `+0x1FB84` and root `0x32` at `+0x134`, a six-frame file-internal list, before encounter-count decrement/release. This closes selector-10 as unnecessary for the normal PRIS armed-family terminal route; it does not generalize every other type branch.
global	0x8002E978	repeatable	Static-confirmed; complete GRUNT action closure Pending	Function-Registry.md: Type-specific combat-record selector — Selects a type-specific pointer at `0x800AF340 + type*4` and indexes its four-byte records with the **sixth** caller stack argument loaded into `$s5` (`new_sp+0x46` low halfword after `-0x30`) before `0x8002BA04`. `$a3` is separately saved in `$s0` for animation selection. GRUNT1's table pointer is `0x800B0430`, GRUNT2's `0x800B0508`. The controller-only `0xE/0xF` sites at `0x8004D2C4/0x8004D420` do not establish ordinary-grunt reachability.
global	0x8005BFB0	repeatable	Static/runtime-confirmed for normal production; Stage-7 scheduling Static-confirmed	Function-Registry.md: Gameplay HUD function — Contains 13 submit calls. Both normal Fire and Stage 7 schedule it as class `0x15`; its frame loop reads player controller/health and checks a vertical position before render-node submissions. Stage-7 render visibility is not Runtime-confirmed.
global	0x800615D8	repeatable	Static/runtime-confirmed	Function-Registry.md: Frontend fade/normalization — Preserved after logo bypass with argument `0x80
global	0x8006352C	repeatable	Static-confirmed	Function-Registry.md: Auxiliary trigger-record spawner — Hardcodes fighter type `7
global	0x80064C18	repeatable	Static-confirmed	Function-Registry.md: Native gameplay SFX wrapper — Indexes 10-byte descriptor table at `0x800A1730`; resolves raw sound ID and variation parameters, then calls `0x80080A88
global	0x80080A88	repeatable	Static-confirmed	Function-Registry.md: Raw sound-ID playback entry — Selects a 16-byte runtime sound definition by raw ID and dispatches through `0x8007EC4C
global	0x8007EC4C	repeatable	Static-confirmed	Function-Registry.md: Low-level sound-definition/voice allocator — Consumes resolved runtime sound definition and allocates/starts native audio voices
global	0x80065D64	repeatable	Runtime-confirmed	Function-Registry.md: Raw global-file loader — Used by native bootstrap
global	0x80066360	repeatable	Static-confirmed	Function-Registry.md: Cold arena initializer — Initializes both arena base/floor `0x800EECD0` and live bump cursor `0x80111ECC` to the stock hardcoded arena start, with initial boundary bookkeeping
global	0x80066390	repeatable	Static-confirmed	Function-Registry.md: Arena cursor reset — Copies persistent/reset arena base `0x800EECD0` into live bump cursor `0x80111ECC`; production bootstrap uses this after relocating the arena floor
global	0x800663A8	repeatable	Static-confirmed	Function-Registry.md: Arena base advance/set helper — Advances/sets the persistent arena base and then resets the live cursor to it; lifecycle/base management rather than a general allocator
global	0x800663E0	repeatable	Static-confirmed	Function-Registry.md: Arena hard-reset helper — Restores the arena base to the hardcoded initial floor, then resets the live cursor; fresh stage setup reaches this family
global	0x80066410	repeatable	Static-confirmed	Function-Registry.md: Arena next-payload peek — Returns `cursor + 8` without allocating; usable as a checkpoint compatible with `0x80066478` rewind semantics
global	0x80066420	repeatable	Static-confirmed	Function-Registry.md: Arena remaining-capacity query — Computes `(0x80290990 - cursor) >> 3`, i.e. remaining 8-byte units below the bump boundary
global	0x8006643C	repeatable	Static-confirmed	Function-Registry.md: Main arena bump allocator — Aligns request to 8 bytes, returns `old_cursor + 8`, advances the live cursor, and writes 8-byte allocation bookkeeping at the new cursor. No bounds check is performed internally.
global	0x80066478	repeatable	Static-confirmed	Function-Registry.md: Arena rewind helper — Sets live cursor to `pointer - 8`; rewinds the arena to the state before the referenced allocation/checkpoint
global	0x8006648C	repeatable	Static-confirmed	Function-Registry.md: Top-allocation rewind/reallocate helper — Rewinds with `0x80066478` and immediately allocates again through `0x8006643C`; no copy is performed
global	0x80073588	repeatable	Static-confirmed; in-Inventory box-switch composition Runtime-confirmed bounded	Function-Registry.md: Native Inventory process / input loop — Owns Inventory lifetime, Items/Power-Ups mode, Use/Combine/R/close dispatch, native frame selection locals, and the loop seam at `0x80073724`. Production box switching stays inside this process and must not rerun suspend/restore/termination.
global	0x800741B4	repeatable	Static-confirmed; exercised by Runtime-confirmed switch path	Function-Registry.md: Native ten-slot LIVE Inventory count — Counts non-`0xFFFFFFFF` words in the active LIVE window; production menu switching reuses it after masked reconstruction.
global	0x80075320	repeatable	Static-confirmed; exercised by Runtime-confirmed switch path	Function-Registry.md: Native first-occupied Inventory-slot finder — Given a physical-slot pointer, selects the first occupied LIVE slot. Production menu switching calls it only when count is positive and resets visible row to zero.
global	0x80071500	repeatable	Static-confirmed	Function-Registry.md: Ordinary-enemy command interpreter — Stream pointer from `0x800C11E4
global	0x800719F0	repeatable	Static-confirmed	Function-Registry.md: Enemy spawn-parameter helper — Receives spawn index and type
global	0x80071B20	repeatable	Static/runtime-confirmed	Function-Registry.md: Shared enemy/fighter constructor — Uses resource slot table `0x800B14C0
global	0x80071FE8	repeatable	Static-confirmed; four-box ownership correction Runtime-confirmed bounded	Function-Registry.md: Bridge three-icon native use/completion check — Item-use table ROM `0xA6E68` maps IDs `0x1D..0x1F` here. Stock first requires `(0x800C2406 & 7) == 7`, then scans the ten-slot LIVE inventory for all three Bridge IDs; if all three are present, sets `0x802C0D54 = 7` and calls `0x8007EF30(0x801AF414)`. The four-box correction preserves the native gate/completion path and changes only the ownership scan base/count to the contiguous 40-word authoritative backing region `0x800A6048..0x800A60E7`. v03 Runtime-confirms positive and negative cross-box ownership behavior with manual box switching; its proof-only physical-gate bypass does not reclassify the unchanged native use-site gate. Independent of Bridge pickup callback `0x802EF178`, which is award-only.
global	0x8007206C	repeatable	Static-confirmed; four-box ownership correction Runtime-confirmed bounded	Function-Registry.md: Fire three-icon native use/completion check — Item-use table ROM `0xA6E68` maps IDs `0x17..0x19` here. Stock first requires the same low-three-bit use-site gate as Bridge, then scans the ten-slot LIVE inventory for all three Fire IDs; when all three are present it calls `0x8007EF30(0x801AF414)` and sets `0x802C0D54 = 7`. The four-box correction preserves the native gate/completion path and changes only the ownership scan base/count to the contiguous 40-word authoritative backing region `0x800A6048..0x800A60E7`. v03 Runtime-confirms positive and negative cross-box ownership behavior with manual box switching; its proof-only physical-gate bypass does not reclassify the unchanged native use-site gate. This remains separate from pickup callback `0x802F0EBC`.
global	0x80073CEC	repeatable	Static-confirmed	Native glyph draw: source font+4 palette acquire (256 colors, mode zero), render-node builder 0x8001E578. No direct audio scheduling call; per-frame workload is real but causal link Pending.
global	0x80073E74	repeatable	Runtime-confirmed	Function-Registry.md: Native text draw — Arbitrary custom RDRAM strings work
global	0x80074084	repeatable	Static/runtime-confirmed	Function-Registry.md: Text-width helper — Native font at `0x800B1E20
global	0x800750F0	repeatable	Static-confirmed; first-two order Runtime-confirmed in power-order v02	Function-Registry.md: Native Power Ups strip builder — Evaluates current power tier, stores the tier state used by the inventory UI, and renders the first N entries from the fixed power-icon table at `0x800A5FB0`. v02 confirms presentation order is independent from gameplay eligibility unless the table is reordered with the gates.
global	0x80074FBC	repeatable	Static-confirmed	Function-Registry.md: XP tier evaluator/clamp — Uses cap table `0x800A63FC
global	0x80078A18	repeatable	Static-confirmed	Function-Registry.md: Save loader XP restore — XP in save record `+0x7C
global	0x80078C40	repeatable	Static-confirmed	Function-Registry.md: Title handoff after frontend flow — Called after fade normalization
global	0x80079510	repeatable	Static-confirmed	Function-Registry.md: Owning legal/logo/title routine — Contains two logo presentations
global	0x800798A8	repeatable	Static/runtime-confirmed	Function-Registry.md: Automatic stage-save flow — Generic routine remains intact
global	0x8007AD00	repeatable	Runtime-confirmed/replaced	Function-Registry.md: Stock inventory sanitizer — Production replaces with stage-key mask copy
global	0x8007AD4C	repeatable	Runtime-confirmed/replaced; ownership corrected statically	Function-Registry.md: Stock default-inventory loader; production filtered SAVE wrapper — Current production computes active backing pointer and tail-calls `0xA01AF5F4`: LIVE -> backing, skipping Glass. It does not reconstruct LIVE. Reconstruction is `0x80099B14 -> 0x8007AD00`.
global	0x80035578	repeatable	Static-confirmed: remaining-life branch bypasses configured reload; stock decrement store `0x80035CA0`; accepted Continue reload `0x80035C8C	Function-Registry.md: Life/Continue/terminal presentation owner —
global	0x80016080	repeatable	Static-confirmed: class teardown, stage dispatch, stage-specific resource/player reconstruction; not a life reload owner	Function-Registry.md: Stage callback reconstruction dispatcher —
global	0x80016B10	repeatable	Static-confirmed: configured continues/lives -> current at `0x80016BC0/8`, lives minus one; called from `0x8000D260	Function-Registry.md: Frontend/fresh-flow current-resource initialization —
global	0x80035D34	repeatable	Static-confirmed: states `0x16/0x1B` preserve carrier-valid; other paths decrement at `0x80035F04` or enter life/Continue owner	Function-Registry.md: Alternate failure or valid-preserving reconstruction —
global	0x80035F38	repeatable	Static-confirmed consumer flow; callback references indirect; stock HP-carrier producer not closed	Function-Registry.md: Valid-preserving reconstruction owner —
global	0x80035FC0	repeatable	Static-confirmed: capture candidate before teardown and live-pointer clear, not after	Function-Registry.md: Stage completion teardown/next-stage owner —
global	0x80035BB4	repeatable	Static-confirmed common terminal label; final reset additionally requires zero current lives, signed continues <= 0 and a latched real-run failure context	Function-Registry.md: Resolved terminal-choice yield before title dispatch —
global	0x80000A70	repeatable	Static-confirmed	Production-Rich-Inventory-Music-Static-Investigation.md: Queue 0x802C1970 receives SP=1, DP=2, VI=3, software dispatch=4, pre-NMI=5. Scheduler priority 90; VI event rate one. No causal Inventory attribution.
global	0x80000B6C	repeatable	Static-confirmed	Production-Rich-Inventory-Music-Static-Investigation.md: SP completion/yield handler distinguishes active audio and yielding graphics; uses osSpTaskYielded at 0x8008A800.
global	0x80000C5C	repeatable	Static-confirmed	Production-Rich-Inventory-Music-Static-Investigation.md: DP-completion graphics bookkeeping and subsequent dispatch.
global	0x80000E24	repeatable	Static-confirmed	Production-Rich-Inventory-Music-Static-Investigation.md: Promotes fresh audio to queued at 0x80000E3C, attempts dispatch, calls audio_frame_work at 0x80000EF4, publishes next fresh; invokes input callback afterward in configured mode.
global	0x80000F4C	repeatable	Static-confirmed	Production-Rich-Inventory-Music-Static-Investigation.md: Audio-first dispatch; defers while active audio pointer exists, transfers queued to active and requests graphics yield when necessary. Single queued slot; replacement under delay is conditional, not observed.
global	0x800011F0	repeatable	Static-confirmed	Production-Rich-Inventory-Music-Static-Investigation.md: Writes back cache, calls native task load 0x8008A5A0 and task start 0x8008A7AC.
global	0x80015950	repeatable	Static-confirmed	Production-Rich-Inventory-Music-Static-Investigation.md: Native VI/input callback increments 0x802E7DC0 at 0x80015998. Captured configuration calls it on scheduler after audio service.
global	0x8001C64C	repeatable	Static-confirmed	Production-Rich-Inventory-Music-Static-Investigation.md: Decrements u16 reference for the original acquired handle; zero calls palette free 0x8001C898. Native glyph draw does not invoke this release.
global	0x8007D3FC	repeatable	Static-confirmed	Production-Rich-Inventory-Music-Static-Investigation.md: Calls builder for current AudioInfo, publishes lastInfo, rotates three output records and alternates two command lists. Prior AI failure does not prevent producer advance.
global	0x8007D4A8	repeatable	Static-confirmed	Production-Rich-Inventory-Music-Static-Investigation.md: Submits previous PCM at 0x8007D4E8, ignores return at 0x8007D4F0, reads head AI_LEN, calculates new samples and constructs synthesis commands. Recurrent failures measured; upstream trigger Pending.
global	0x8007D860	repeatable	Static-confirmed	Production-Rich-Inventory-Music-Static-Investigation.md: Services native sample DMA bookkeeping; advances frame counter 0x800A7F60 at 0x8007D98C.
global	0x8007DA34	repeatable	Static-confirmed	Production-Rich-Inventory-Music-Static-Investigation.md: Calls WESS tick 0x80083D38 and requests another callback after 8333 microseconds, corresponding to 184 player sample frames in inspected configuration.
global	0x80083D38	repeatable	Static-confirmed	Production-Rich-Inventory-Music-Static-Investigation.md: Advances tick 0x800A8038 and 16.16 ms clock by 0x85555; services native sequence engine when enabled.
global	0x8008910C	repeatable	Static-confirmed	Production-Rich-Inventory-Music-Static-Investigation.md: Builds native audio command list; advances ALSynth sample clock +0x20 at 0x80089270 before RSP completion or AI acceptance.
global	0x8008A3C0	repeatable	Static-confirmed	Production-Rich-Inventory-Music-Static-Investigation.md: Reads AI_LEN remaining DMA bytes; emulator backend may deliver host fragments during this existing register read.
global	0x8008A500	repeatable	Static-confirmed	Production-Rich-Inventory-Music-Static-Investigation.md: Full predicate 0x80092E90; full returns -1 without AI writes; success writes AI_DRAM/AI_LEN at 0x8008A57C/580. Caller ignores error. Enqueue retry remains untested and rejected for upstream investigation.
global	0x80092E90	repeatable	Static-confirmed	Production-Rich-Inventory-Music-Static-Investigation.md: Reads AI_STATUS FIFO-full predicate used by native enqueue.
global	0x8007D4F0	repeatable	Static-confirmed	Prior AI enqueue result is ignored. Existing diagnostic pair proves recurrent rejection; upstream Inventory trigger and full audible accounting remain Pending.
global	0x80000E3C	repeatable	Static-confirmed	Promotes fresh into single queued slot without a separate backlog queue. Replacement requires a prior queued generation to survive; not demonstrated by endpoint states.
global	0x8001BA80	repeatable	Static-confirmed	Native node base 0x800C2950 plus selected bank times 0x157C0; older audit hardcoded second bank 0x800D8110. Both paired captures use first bank; their cursors are consistent.
global	0x8001C628	repeatable	Static-confirmed	Cache hit increments u16 refs; wrapping acquire does not itself call free. Same dynamic sources/handles in both new captures. Do not infer audio causation from reference totals.
global	0x800393BC	repeatable	Static-confirmed	Wiki Function-Registry: Ordinary-pickup callback dispatch seam. Loads callback arguments from the destination record: a0 = +0x10 type, a1 = +0x14 parameter with native bit-15 masked, then jalrs the pointer at +0x18. [Trace-only marker; function boundary NOT inferred.]
global	0x800393D0	repeatable	Static-confirmed	Wiki Function-Registry: Ordinary-pickup callback dispatch seam. Loads callback arguments from the destination record: a0 = +0x10 type, a1 = +0x14 parameter with native bit-15 masked, then jalrs the pointer at +0x18. [Trace-only marker; function boundary NOT inferred.]
global	0x80060A3C	repeatable	Static-confirmed	Wiki Function-Registry: Ice companion-actor constructor / per-process update. Class-0x100 helper allocates texture/palette, constructs and inserts two visible actors, advances and copies script frames; removes both and releases texture (no palette release in traced cl [Trace-only marker; function boundary NOT inferred.]
global	0x80060D14	repeatable	Static-confirmed	Wiki Function-Registry: Ice companion-actor constructor / per-process update. Class-0x100 helper allocates texture/palette, constructs and inserts two visible actors, advances and copies script frames; removes both and releases texture (no palette release in traced cl [Trace-only marker; function boundary NOT inferred.]
global	0x800185B8	repeatable	Static-confirmed	Wiki Function-Registry: Deferred image decode and texture upload. Active render/update pass consumes +0xFA, decodes +0x7C, queues slot upload, then frame dispatcher drains queue; 0x80024650 merely links into that active movement/render list [Trace-only marker; function boundary NOT inferred.]
global	0x8001D6EC	repeatable	Static-confirmed	Wiki Function-Registry: Deferred image decode and texture upload. Active render/update pass consumes +0xFA, decodes +0x7C, queues slot upload, then frame dispatcher drains queue; 0x80024650 merely links into that active movement/render list [Trace-only marker; function boundary NOT inferred.]
global	0x8001D7F0	repeatable	Static-confirmed	Wiki Function-Registry: Deferred image decode and texture upload. Active render/update pass consumes +0xFA, decodes +0x7C, queues slot upload, then frame dispatcher drains queue; 0x80024650 merely links into that active movement/render list [Trace-only marker; function boundary NOT inferred.]
global	0x80046F74	repeatable	Static-confirmed for PRIS GRUNT2/3/4	Wiki Function-Registry: Fighter-file projectile visual constructor. Resolves 0x800A0324[type] to the primary fighter-file base, acquires the palette at the type-specific 0x800A0FC0[type] relative offset, and constructs secondary animation slot 6. [Trace-only marker; function boundary NOT inferred.]
global	0x80047160	repeatable	Static-confirmed for PRIS GRUNT2/3/4	Wiki Function-Registry: Fighter-file projectile visual constructor. Resolves 0x800A0324[type] to the primary fighter-file base, acquires the palette at the type-specific 0x800A0FC0[type] relative offset, and constructs secondary animation slot 6. [Trace-only marker; function boundary NOT inferred.]
global	0x80060E68	repeatable	Static-confirmed	Wiki Function-Registry: Armed-projectile common effect helpers. Permanent-image effect processes used by 0x80043EB0; both acquire the shared source at 0x800B1808, build temporary effect actors, animate, and clean them up. [Trace-only marker; function boundary NOT inferred.]
global	0x80061220	repeatable	Static-confirmed	Wiki Function-Registry: Armed-projectile common effect helpers. Permanent-image effect processes used by 0x80043EB0; both acquire the shared source at 0x800B1808, build temporary effect actors, animate, and clean them up. [Trace-only marker; function boundary NOT inferred.]
global	0x80057740	repeatable	Static-confirmed	Wiki Function-Registry: GRUNT2-to-GRUNT1 type morph branch. For actor type 0x0F, loads file-0x22 base from slot 0x802E7DC4, writes it to actor +0x98, changes type to 0x0E, and selects animation root 0. [Trace-only marker; function boundary NOT inferred.]
global	0x800577BC	repeatable	Static-confirmed	Wiki Function-Registry: GRUNT2-to-GRUNT1 type morph branch. For actor type 0x0F, loads file-0x22 base from slot 0x802E7DC4, writes it to actor +0x98, changes type to 0x0E, and selects animation root 0. [Trace-only marker; function boundary NOT inferred.]
global	0x80070710	repeatable	Static-confirmed	Wiki Function-Registry: Ordinary enemy process construction and state reset. The spawn interpreter schedules the 0x71 family through 0x8002830C; 0x80071B20 normalizes classes 0x71..0x74 to **2..5** through addiu -0x6F at 0x80071B64, zero-fills process+0x638 for 0xA0 [Trace-only marker; function boundary NOT inferred.]
global	0x8002B690	repeatable	Static-confirmed mechanics; ordinary GRUNT edge Pending	Wiki Function-Registry: Shared action exit and conditional reaction animation. 0x8002B690 returns 0x8000 exactly when current process signed halfword +0x6B2 is nonzero, otherwise 0x4000. [Trace-only marker; function boundary NOT inferred.]
global	0x800328FC	repeatable	Static-confirmed mechanics; ordinary GRUNT edge Pending	Wiki Function-Registry: Shared action exit and conditional reaction animation. 0x8002B690 returns 0x8000 exactly when current process signed halfword +0x6B2 is nonzero, otherwise 0x4000. [Trace-only marker; function boundary NOT inferred.]
global	0x80053D28	repeatable	Static-confirmed mechanics; ordinary GRUNT edge Pending	Wiki Function-Registry: Shared action exit and conditional reaction animation. 0x8002B690 returns 0x8000 exactly when current process signed halfword +0x6B2 is nonzero, otherwise 0x4000. [Trace-only marker; function boundary NOT inferred.]
global	0x800321D0	repeatable	Static-confirmed for selector mechanics and ordinary Water root `0x1E` via Slide; other roots Pending	Wiki Function-Registry: Shared hit/reaction action with caller-selected fighter animation. Both load the **sixth** caller stack argument into $s4 (new_sp+0x4C after -0x38, or +0x44 after -0x30) for the root selector; the low halfword of the **fifth** argument feeds the rate at 0x8 [Trace-only marker; function boundary NOT inferred.]
global	0x80032580	repeatable	Static-confirmed for selector mechanics and ordinary Water root `0x1E` via Slide; other roots Pending	Wiki Function-Registry: Shared hit/reaction action with caller-selected fighter animation. Both load the **sixth** caller stack argument into $s4 (new_sp+0x4C after -0x38, or +0x44 after -0x30) for the root selector; the low halfword of the **fifth** argument feeds the rate at 0x8 [Trace-only marker; function boundary NOT inferred.]
global	0x80016D1C	repeatable	Static-confirmed for normal Fire	Wiki Function-Registry: Ordinary-stage reset and delayed gameplay-enable process. Reset installs type 4, shared light/input defaults, 0x800EEC1C=1, 0x802C1A04=0; class 0x75 delayed callback waits eight ticks, class 0x101 completion and stage count before setting gameplay [Trace-only marker; function boundary NOT inferred.]
global	0x80017024	repeatable	Static-confirmed for normal Fire	Wiki Function-Registry: Ordinary-stage reset and delayed gameplay-enable process. Reset installs type 4, shared light/input defaults, 0x800EEC1C=1, 0x802C1A04=0; class 0x75 delayed callback waits eight ticks, class 0x101 completion and stage count before setting gameplay [Trace-only marker; function boundary NOT inferred.]
global	0x80016300	repeatable	Static-confirmed	Wiki Function-Registry: Pause entry gate and native Pause menu. Entry exits when 0x800C255A is nonzero; with process state 0x802ECE18=2 it allocates class 0x400 menu callback 0x80016300, which reads 0x800BF2EE and renders PAUSED. [Trace-only marker; function boundary NOT inferred.]
global	0x80014FC0	repeatable	Static-confirmed	Wiki Function-Registry: Inventory entry gate and native inventory process. Entry requires process state 0x802ECE18=2, semantic input bit 0x0800 **clear** at 0x800BF2EE, nonnegative stage, selector 0x802C18F8>0, live player and HP, and action +0x6AA in 0x302/0x303/0 [Trace-only marker; function boundary NOT inferred.]
global	0x80028EAC	repeatable	Static-confirmed	Wiki Function-Registry: Class-1 player-controller startup and live dispatch. Constructor 0x8002ECF4 installs 0x80028EAC using signed addiu -0x7154 (not 0x80038EAC). [Trace-only marker; function boundary NOT inferred.]
global	0x80065428	repeatable	Static-confirmed	Wiki Function-Registry: Normal Fire boss helper and Stage-7 debug helper. Normal helper loads file 0x21 and schedules boss-specific processes (including x-position clamp 0x800653B0 and delayed opponent monitor 0x8003BE94) plus delayed audio 0x800655EC. [Trace-only marker; function boundary NOT inferred.]
global	0x80065668	repeatable	Static-confirmed	Wiki Function-Registry: Normal Fire boss helper and Stage-7 debug helper. Normal helper loads file 0x21 and schedules boss-specific processes (including x-position clamp 0x800653B0 and delayed opponent monitor 0x8003BE94) plus delayed audio 0x800655EC. [Trace-only marker; function boundary NOT inferred.]
global	0x800720F0	repeatable	Static-confirmed	Wiki Function-Registry: Earth per-icon native use handlers. Item-use table IDs 0x11/0x12/0x13 dispatch here. [Trace-only marker; function boundary NOT inferred.]
global	0x8007213C	repeatable	Static-confirmed	Wiki Function-Registry: Earth per-icon native use handlers. Item-use table IDs 0x11/0x12/0x13 dispatch here. [Trace-only marker; function boundary NOT inferred.]
global	0x80072188	repeatable	Static-confirmed	Wiki Function-Registry: Earth per-icon native use handlers. Item-use table IDs 0x11/0x12/0x13 dispatch here. [Trace-only marker; function boundary NOT inferred.]
global	0x800721D4	repeatable	Static-confirmed	Wiki Function-Registry: Wind per-icon native use handlers. Item-use table IDs 0x0E/0x0F/0x10 dispatch to the Circle / Three-Bars / Triangle handlers. [Trace-only marker; function boundary NOT inferred.]
global	0x8007226C	repeatable	Static-confirmed	Wiki Function-Registry: Wind per-icon native use handlers. Item-use table IDs 0x0E/0x0F/0x10 dispatch to the Circle / Three-Bars / Triangle handlers. [Trace-only marker; function boundary NOT inferred.]
global	0x80072220	repeatable	Static-confirmed	Wiki Function-Registry: Wind per-icon native use handlers. Item-use table IDs 0x0E/0x0F/0x10 dispatch to the Circle / Three-Bars / Triangle handlers. [Trace-only marker; function boundary NOT inferred.]
global	0x800722B8	repeatable	Static-confirmed	Wiki Function-Registry: Water per-icon native use handlers. Item-use table IDs 0x14/0x15/0x16 dispatch here and test gate bits 1/2/4; on success they OR the matching bit into 0x802C0D54 and call 0x8007EF30(0x801AF414). [Trace-only marker; function boundary NOT inferred.]
global	0x80072304	repeatable	Static-confirmed	Wiki Function-Registry: Water per-icon native use handlers. Item-use table IDs 0x14/0x15/0x16 dispatch here and test gate bits 1/2/4; on success they OR the matching bit into 0x802C0D54 and call 0x8007EF30(0x801AF414). [Trace-only marker; function boundary NOT inferred.]
global	0x80072350	repeatable	Static-confirmed	Wiki Function-Registry: Water per-icon native use handlers. Item-use table IDs 0x14/0x15/0x16 dispatch here and test gate bits 1/2/4; on success they OR the matching bit into 0x802C0D54 and call 0x8007EF30(0x801AF414). [Trace-only marker; function boundary NOT inferred.]
global	0x8007239C	repeatable	Static-confirmed	Wiki Function-Registry: Fortress crystal native use handlers. Item-use table IDs 0x20/0x21/0x22 dispatch to three player-position-gated handlers which commit crystal progression bits 0x08/0x10/0x20 into 0x802C0D54; the third additionally requires the p [Trace-only marker; function boundary NOT inferred.]
global	0x80072400	repeatable	Static-confirmed	Wiki Function-Registry: Fortress crystal native use handlers. Item-use table IDs 0x20/0x21/0x22 dispatch to three player-position-gated handlers which commit crystal progression bits 0x08/0x10/0x20 into 0x802C0D54; the third additionally requires the p [Trace-only marker; function boundary NOT inferred.]
global	0x80072464	repeatable	Static-confirmed	Wiki Function-Registry: Fortress crystal native use handlers. Item-use table IDs 0x20/0x21/0x22 dispatch to three player-position-gated handlers which commit crystal progression bits 0x08/0x10/0x20 into 0x802C0D54; the third additionally requires the p [Trace-only marker; function boundary NOT inferred.]
