fact_id	owner_page	source_anchor	domain	canonical_semantics	evidence	source_blob_sha
CORE-C01	Core-Runtime-and-Address-Database.md	Only the 16 MiB USA Rev. 0 ROM content is supported	ROM normalization/hash gate	Stock clean supported USA Rev0, byte orders normalized; SHA-256 pinned; ROM untouched	Confirmed implementation contract	3880a7d0a3a56b4708bd1879b3790582cd5083bf
CORE-C02	Core-Runtime-and-Address-Database.md	Every stock edit uses an expected-byte guard	ROM patch failure	Expected-byte guards cause build failure before output on mismatch	Implementation/CI-confirmed	3880a7d0a3a56b4708bd1879b3790582cd5083bf
CORE-C03	Core-Runtime-and-Address-Database.md	Production reserves one 16 KiB block	Native arena floor	Runtime V2 1 KiB plus 15 KiB build-time pool; floor 0x801AF420 -> 0x801B3420	Runtime-confirmed bounded	3880a7d0a3a56b4708bd1879b3790582cd5083bf
CORE-C04	Core-Runtime-and-Address-Database.md	The two globals therefore have distinct roles	Allocator state	0x800EECD0 is persistent/reset floor; 0x80111ECC is live bump cursor	Static-confirmed	3880a7d0a3a56b4708bd1879b3790582cd5083bf
CORE-C05	Core-Runtime-and-Address-Database.md	The main allocator returns `old_cursor + 8`	Allocator semantics	0x8006643C aligns size to 8, returns cursor+8, writes 8-byte boundary bookkeeping	Static-confirmed	3880a7d0a3a56b4708bd1879b3790582cd5083bf
CORE-C06	Core-Runtime-and-Address-Database.md	It contains no internal bounds check	Allocator bounds	Main allocator itself has no internal boundary check; capacity bound 0x80290990	Static-confirmed	3880a7d0a3a56b4708bd1879b3790582cd5083bf
CORE-C07	Core-Runtime-and-Address-Database.md	Rewind is stack-like	Allocator rewind	0x80066478 rewinds to pointer-8; 0x80066410 peeks cursor+8 without consuming	Static-confirmed	3880a7d0a3a56b4708bd1879b3790582cd5083bf
CORE-C08	Core-Runtime-and-Address-Database.md	These allocator findings are **Static-confirmed**	Runtime evidence limit	16 KiB floor runtime confirmation on bounded routes; reported headroom is not global guarantee	Static-confirmed; Runtime-confirmed bounded	3880a7d0a3a56b4708bd1879b3790582cd5083bf
CORE-C09	Core-Runtime-and-Address-Database.md	These offsets are composition contracts	Runtime V2 layout	First-KiB Runtime V2 code/state slices must preserve versioned composition and bounds	Implementation/CI-confirmed	3880a7d0a3a56b4708bd1879b3790582cd5083bf
CORE-C10	Core-Runtime-and-Address-Database.md	The pool already has named production sub-owners	Expansion owner correction	Named features already reserve expansion-pool subranges; unassigned capacity remains production reserved, not confirmed-free	Static-confirmed; accepted production composition	3880a7d0a3a56b4708bd1879b3790582cd5083bf
CORE-C11	Core-Runtime-and-Address-Database.md	Global file ID `0x1B` is the production transport	Payload file transport	File 0x1B is stage-loaded native Runtime V2 payload; not a frontend file 0x1A loader	Runtime-confirmed bounded	3880a7d0a3a56b4708bd1879b3790582cd5083bf
CORE-C12	Core-Runtime-and-Address-Database.md	loads file `0x1B` synchronously	Bootstrap ordering	Bootstrap synchronous raw file loader 0x80065D64 followed by arena pointer synchronization and Runtime V2 init	Static-confirmed; Runtime-confirmed bounded	3880a7d0a3a56b4708bd1879b3790582cd5083bf
CORE-C13	Core-Runtime-and-Address-Database.md	Persistence is composed around the stock pickup manager	Pickup capture/restore	Capture after collected flag store; restore before first manager collected flag read; no wholesale stock manager replacement	Static-confirmed	3880a7d0a3a56b4708bd1879b3790582cd5083bf
CORE-C14	Core-Runtime-and-Address-Database.md	At that point `a1` is the pickup record and `s2` is the manager ordinal	Capture ABI	Capture callback uses pickup record pointer a1 and physical manager ordinal s2; Fire mapping must be preserved	Static-confirmed	3880a7d0a3a56b4708bd1879b3790582cd5083bf
CORE-C15	Core-Runtime-and-Address-Database.md	This corrects the superseded `0x802FCE20` reading	Stage manager location	Correct current controller slot 0x802ECE20, context +0x6F4 count and +0x6F8 record base	Static-confirmed; supersedes incorrect address	3880a7d0a3a56b4708bd1879b3790582cd5083bf
CORE-C16	Core-Runtime-and-Address-Database.md	Historical proof use does not make any of those ranges reusable	Allocation negative control	Current production cave/tail ownership remains in Memory Map; old proof/zero bytes do not establish free storage	Static-confirmed negative control	3880a7d0a3a56b4708bd1879b3790582cd5083bf
CORE-C17	Core-Runtime-and-Address-Database.md	It does **not** call native tier evaluator `0x80074FBC` there	Stage-init XP lifetime	Stage-init restores XP then four-box; intentionally omits tier evaluator at manager initialization	Runtime-confirmed bounded	3880a7d0a3a56b4708bd1879b3790582cd5083bf
CORE-C18	Core-Runtime-and-Address-Database.md	Calling the evaluator at this pickup-manager initialization point is **Rejected / failed**	Rejected timing	Tier evaluator at stage-init hung; pickup-acquisition evaluator remains valid	Rejected / failed; runtime-confirmed bounded	3880a7d0a3a56b4708bd1879b3790582cd5083bf
