fact_id	owner_page	source_anchor	source_line	source_section	conclusion	evidence	scope	disposition	ghidra_target	review_caution	source_blob_sha
ECS-01	Enemy-Randomization.md	Process `0x70` interprets it	11	## Ordinary-enemy architecture	Ordinary process 0x70 interprets stage command stream at 0x800C11E4; entry 0x80071500	Static-confirmed	stock-n64-function	ghidra	0x80071500	References an existing MKMSZ Ghidra object; no new function boundary or type inferred	2eeb8c913d93220fcba826fcfa462522daeabcff
ECS-02	Enemy-Randomization.md	Spawn records supply coordinates, type, quota, and activation mode	11	## Ordinary-enemy architecture	Stock spawn helper receives index/type; location-owned record supplies XYZ, quota and activation mode	Static-confirmed	stock-n64-function	ghidra	0x800719F0	References an existing MKMSZ Ghidra object; no new function boundary or type inferred	2eeb8c913d93220fcba826fcfa462522daeabcff
ECS-03	Enemy-Randomization.md	`0x8002FCDC` separately indexes descriptor offsets	32	## Constructor resource tables	Fighter allocation uses type-indexed descriptor-offset table 0x800B13D0 and records actor type at +0x78	Static-confirmed	stock-n64-function	ghidra	0x8002FCDC	References an existing MKMSZ Ghidra object; no new function boundary or type inferred	2eeb8c913d93220fcba826fcfa462522daeabcff
ECS-04	Enemy-Randomization.md	`0x80071B20` indexes the four-byte resource-pointer-slot table	32	## Constructor resource tables	Shared constructor uses 4-byte type-resource-slot table 0x800B14C0; compatible native residency is required	Static/runtime-confirmed bounded	stock-n64-function	ghidra	0x80071B20	References an existing MKMSZ Ghidra object; no new function boundary or type inferred	2eeb8c913d93220fcba826fcfa462522daeabcff
ECS-05	Enemy-Randomization.md	eight main ordinary streams contain **104 spawn commands and 19 distinct fighter types**	82	### Complete ordinary-branch roster	Eight ordinary streams have 104 spawn commands/19 types; common record type field is already typed	Static-confirmed	stock-n64-typed-record	ghidra	MKMSZ_EnemySpawnRecord|fighter_type	References an existing MKMSZ Ghidra object; no new function boundary or type inferred	2eeb8c913d93220fcba826fcfa462522daeabcff
ECS-06	Enemy-Randomization.md	All five singleton records use the gated opcode-`6` form	99	### Complete ordinary-branch roster	Five nonrandomizable special singleton records use conditional opcode6 record and required gate mask	Static-confirmed	stock-n64-typed-record	ghidra	MKMSZ_EnemySpawnConditionalRecord|required_mask	References an existing MKMSZ Ghidra object; no new function boundary or type inferred	2eeb8c913d93220fcba826fcfa462522daeabcff
ECS-07	Enemy-Randomization.md	The clean N64 Test Characters records at VA	121	### Static fighter-type names relevant to the ordinary pool	Fighter type/name provenance from stock table 0x8009AC28; singleton role differs from generic grunt	Static-confirmed	evidence-qualified-companion	companion		Bounded evidence, not a new Ghidra symbol, global compatibility proof or guaranteed memory allocation	2eeb8c913d93220fcba826fcfa462522daeabcff
ECS-08	Enemy-Randomization.md	The secondary dependencies explain the stock paired families	175	### Constructor resource bundles	MONK3 requires file89 base; MONK6 requires8C; GRUNT2 requires22; armed PRIS requires base8E	Static-confirmed	evidence-qualified-companion	companion		Bounded evidence, not a new Ghidra symbol, global compatibility proof or guaranteed memory allocation	2eeb8c913d93220fcba826fcfa462522daeabcff
ECS-09	Enemy-Randomization.md	There are **no non-native N cells**	196	### Stage × type residency matrix	Non-native type needs correct imported resource/slot; native residency alone does not approve type swapping	Static-confirmed	evidence-qualified-companion	companion		Bounded evidence, not a new Ghidra symbol, global compatibility proof or guaranteed memory allocation	2eeb8c913d93220fcba826fcfa462522daeabcff
ECS-10	Enemy-Randomization.md	The smallest foreign raw bundle in this matrix	200	### Immediate planner consequence	Foreign raw MONK4 bundle 0x14EE0 exceeds earlier global arena-headroom proof 0x75A8; additive loads not generally safe	Static-confirmed; bounded comparison	evidence-qualified-companion	companion		Bounded evidence, not a new Ghidra symbol, global compatibility proof or guaranteed memory allocation	2eeb8c913d93220fcba826fcfa462522daeabcff
ECS-11	Enemy-Randomization.md	This matrix intentionally excludes the existing special/boss paths	212	### Excluded special routes	Separate bosses/specials type07/08/0B/0C/19 and Fortress1B/1D excluded from ordinary pool	Static-confirmed	evidence-qualified-companion	companion		Bounded evidence, not a new Ghidra symbol, global compatibility proof or guaranteed memory allocation	2eeb8c913d93220fcba826fcfa462522daeabcff
ECS-12	Enemy-Randomization.md	Fire `0x0A -> 0x09` remains the only direct type-swap	227	### Conservative first ordinary pool	Fire FAST MONK to HULK MONK direct type replacement passed one bounded route, not all pairwise types	Runtime-confirmed bounded	evidence-qualified-companion	companion		Bounded evidence, not a new Ghidra symbol, global compatibility proof or guaranteed memory allocation	2eeb8c913d93220fcba826fcfa462522daeabcff
ECS-13	Enemy-Randomization.md	selector number 10 is not a globally portable death resource	237	## Auxiliary presentation pass — bounded evidence (2026-09-27)	Stage selector10 death art is stage-local: Temple/Water payloads match but pointers differ; other stages differ/empty/external	Static-confirmed; bounded runtime	evidence-qualified-companion	companion		Bounded evidence, not a new Ghidra symbol, global compatibility proof or guaranteed memory allocation	2eeb8c913d93220fcba826fcfa462522daeabcff
ECS-14	Enemy-Randomization.md	The permanent terminal dispatcher at `0x80056F80..0x80057060`	264	### Water pair: normal terminal path and conservative footprint (2026-09-28, static only)	Normal terminal 0x80053DA8 for Water monk5/6 and imported GRUNT2 reads resource base 0x802E82B8/selector10; latter runtime Pending	Static-confirmed	stock-n64-function	ghidra	0x80053DA8	References an existing MKMSZ Ghidra object; no new function boundary or type inferred	2eeb8c913d93220fcba826fcfa462522daeabcff
ECS-15	Enemy-Randomization.md	Type `0x0E GRUNT1` takes the other dispatcher branch	266	### Water pair: normal terminal path and conservative footprint (2026-09-28, static only)	GRUNT1 normal terminal uses 0x80053E8C and file22 palette/root32; not Water selector10	Static-confirmed	stock-n64-function	ghidra	0x80053E8C	References an existing MKMSZ Ghidra object; no new function boundary or type inferred	2eeb8c913d93220fcba826fcfa462522daeabcff
ECS-16	Enemy-Randomization.md	`0x80057478` handles all three PRIS armed variants	346	### PRIS GRUNT armed-family projectile and native paging closure (2026-09-28, static only)	Armed PRIS types15/16/17 disarm to base14/file8E; detached weapon child retains armed file 8F/90/91	Static-confirmed	stock-n64-function	ghidra	0x80057478	References an existing MKMSZ Ghidra object; no new function boundary or type inferred	2eeb8c913d93220fcba826fcfa462522daeabcff
ECS-17	Enemy-Randomization.md	The ordinary spawn path `0x80071500 → 0x800719F0 → 0x80071B20` creates	296	### `0x800328FC → 0x80053D28` process-state trace (2026-09-28, static only)	Spawn classes 0x71..0x74 map to 2..5; stock helper clears process+0x638..+0x6D7, not generic allocator	Static-confirmed	evidence-qualified-companion	companion		Bounded evidence, not a new Ghidra symbol, global compatibility proof or guaranteed memory allocation	2eeb8c913d93220fcba826fcfa462522daeabcff
ECS-18	Enemy-Randomization.md	**Live flag and transfer.**	298	### `0x800328FC → 0x80053D28` process-state trace (2026-09-28, static only)	Process+0x6B2 reaction state uses writer paths; syntactic call census is not ordinary Water-grunt reachability	Static-confirmed bounded	evidence-qualified-companion	companion		Bounded evidence, not a new Ghidra symbol, global compatibility proof or guaranteed memory allocation	2eeb8c913d93220fcba826fcfa462522daeabcff
ECS-19	Enemy-Randomization.md	**Native enemy-family paging.**	348	### PRIS GRUNT armed-family projectile and native paging closure (2026-09-28, static only)	0x80066478 rewinds in stage-qualified Prison0x9F Bridge0x9B Fortress0x9E; Water0xA1 had none in direct-call census	Static-confirmed scoped overlay census	stock-n64-function	ghidra	0x80066478	References an existing MKMSZ Ghidra object; no new function boundary or type inferred	2eeb8c913d93220fcba826fcfa462522daeabcff
ECS-20	Enemy-Randomization.md	the five gated singleton/special records stay fixed	393	## Deterministic resource-family planner v1 (2026-09-30)	104 recorded stream words include five fixed gated specials, leaving 99 ordinary randomizable records	Implementation/CI-confirmed	evidence-qualified-companion	companion		Bounded evidence, not a new Ghidra symbol, global compatibility proof or guaranteed memory allocation	2eeb8c913d93220fcba826fcfa462522daeabcff
ECS-21	Enemy-Randomization.md	Materializer v1 supports all native profiles	409	## Guarded enemy materializer v1 (2026-09-30)	Guarded emitter preserves 104 expected type-word bytes and deterministic fail-closed profile restrictions	Implementation/CI-confirmed; runtime bounded	evidence-qualified-companion	companion		Bounded evidence, not a new Ghidra symbol, global compatibility proof or guaranteed memory allocation	2eeb8c913d93220fcba826fcfa462522daeabcff
ECS-22	Enemy-Randomization.md	Static tracing identified Prison overlay routine	415	### Prison phase-family closure	Prison overlay0x9F function 0x802F0754 requires file8F via slot0x80112008 for scripted capture outside ordinary enemy stream	Static-confirmed; runtime bounded	prison-overlay	ghidra	overlay_prison|0x802F0754	Only Prison file 0x9F; never merge VA into the global binary	2eeb8c913d93220fcba826fcfa462522daeabcff
ECS-23	Enemy-Randomization.md	The corrected proof therefore models each paging phase	417	### Prison phase-family closure	Prison phase-specific FAST MONK ordinary family can replace combat, but scripted file8F must stay resident; v02 test passed	Runtime-confirmed bounded	evidence-qualified-companion	companion		Bounded evidence, not a new Ghidra symbol, global compatibility proof or guaranteed memory allocation	2eeb8c913d93220fcba826fcfa462522daeabcff
ECS-24	Enemy-Randomization.md	the user manually exercised all requested stage smoke routes	437	## Post-merge generated-seed runtime confirmation — v03 (2026-09-30)	Seed ENEMYPLAN05 merged planner/emitter checked across all requested stage smoke routes; not arbitrary seed coverage	Runtime-confirmed bounded	evidence-qualified-companion	companion		Bounded evidence, not a new Ghidra symbol, global compatibility proof or guaranteed memory allocation	2eeb8c913d93220fcba826fcfa462522daeabcff
ECS-25	Enemy-Randomization.md	The compact resources are regenerated at build time	449	### Production compact fallback	Native Type5 16-color compact PRIS sources are build-generated, rebased and decoded for verification; no donor bytes checked in	Implementation/CI-described	evidence-qualified-companion	companion		Bounded evidence, not a new Ghidra symbol, global compatibility proof or guaranteed memory allocation	2eeb8c913d93220fcba826fcfa462522daeabcff
ECS-26	Enemy-Randomization.md	**Fit is not compatibility:**	463	## Compatibility matrix v02 — resource-planning pass (2026-09-29)	Resident fighter-byte budget excludes transient effects, process lifetime and any foreign rewind safety; fit is not run viability	Static-confirmed negative control	evidence-qualified-companion	companion		Bounded evidence, not a new Ghidra symbol, global compatibility proof or guaranteed memory allocation	2eeb8c913d93220fcba826fcfa462522daeabcff
ECS-27	Enemy-Randomization.md	Type `0x17 PRIS GRUNT4` is the smallest high-value next family proof	493	### Selected next proof: Water × type `0x17`	Water raw stock 8E+91 type17 passed AI/projectile/disarm/death/continue bounded; not worst-case concurrency	Runtime-confirmed bounded	evidence-qualified-companion	companion		Bounded evidence, not a new Ghidra symbol, global compatibility proof or guaranteed memory allocation	2eeb8c913d93220fcba826fcfa462522daeabcff
ECS-28	Enemy-Randomization.md	first bounded Runtime-confirmed **mixed ordinary-enemy roster**	597	## Mixed Water PRIS family proof — types `0x14 + 0x16` (2026-09-30)	Water compact mixed14/16 passed coexistence, projectile, disarm, terminal and stage continuation; not arbitrary family coexistence	Runtime-confirmed bounded	evidence-qualified-companion	companion		Bounded evidence, not a new Ghidra symbol, global compatibility proof or guaranteed memory allocation	2eeb8c913d93220fcba826fcfa462522daeabcff
ECS-29	Enemy-Randomization.md	This does **not** make storage the only compatibility criterion	453	### Production compact fallback	Unresolved MONK1/3/4 and GRUNT1/2 remain fail-closed even when file size could fit	Implementation/CI-confirmed; semantics Pending	evidence-qualified-companion	companion		Bounded evidence, not a new Ghidra symbol, global compatibility proof or guaranteed memory allocation	2eeb8c913d93220fcba826fcfa462522daeabcff
ECS-30	Enemy-Randomization.md	The RNG domain is isolated as `MKMSZR:ENEMIES:RESOURCE-PLANNER:V1`	401	## Deterministic resource-family planner v1 (2026-09-30)	Enemy resource-family planner isolates seed domain and explicit retry; rejects may not alter unrelated streams	Implementation/CI-confirmed	evidence-qualified-companion	companion		Bounded evidence, not a new Ghidra symbol, global compatibility proof or guaranteed memory allocation	2eeb8c913d93220fcba826fcfa462522daeabcff
