fact_id	source_owner	canonical_wiki_owner	source_anchor	documented_finding	evidence	scope	interpretation_kind	source_blob_sha	review_caution
HUD-RENDER-013	Native-HUD-and-UI.md	Native-HUD-and-UI.md	A dynamic CI8 allocation can feed genuine imported image pixels	CI8 image pixels work in cloned node; v15 inherited wrong stock palette	Static-confirmed / evidence bounded in current Wiki	bounded-proof/wiki-owner	rejected-or-superseded	d285ce6554ef77e4036f71fe08c224a3b9f1ccb1	Rejected or historical approach; do not use as a production rule
HUD-RENDER-020	Native-HUD-and-UI.md	ROM-Overlay-and-Resource-Map.md	The resource selector in a pickup record is stage-local	Pickup selector is stage-local and descriptor alone does not load model data	Static-confirmed / evidence bounded in current Wiki	bounded-proof/wiki-owner	established-context	d285ce6554ef77e4036f71fe08c224a3b9f1ccb1	Read current canonical owner before using this source-qualified finding
HUD-RENDER-021	Native-HUD-and-UI.md	Native-HUD-and-UI.md	Direct framebuffer drawing was unstable	Direct framebuffer drawing is rejected	Static-confirmed / evidence bounded in current Wiki	bounded-proof/wiki-owner	rejected-or-superseded	d285ce6554ef77e4036f71fe08c224a3b9f1ccb1	Rejected or historical approach; do not use as a production rule
HUD-RENDER-022	Native-HUD-and-UI.md	Native-HUD-and-UI.md	An inline wrapper that allocates/submits multiple nodes is viable	Inline multiple-node wrapper viable; overgeneralized helper rejected	Static-confirmed / evidence bounded in current Wiki	bounded-proof/wiki-owner	rejected-or-superseded	d285ce6554ef77e4036f71fe08c224a3b9f1ccb1	Rejected or historical approach; do not use as a production rule
HUD-STATE-003	Native-HUD-and-UI.md	Production-Rich-Inventory-Music-Static-Investigation.md	Paired diagnostic states have byte-identical HUDs	Matched diagnostic states have identical HUD and stable palette/source identity	Source-qualified bounded evidence	wiki-owned-original-or-production	established-context	d285ce6554ef77e4036f71fe08c224a3b9f1ccb1	Read current canonical owner before using this source-qualified finding
HUD-STATE-004	Native-HUD-and-UI.md	Production-Rich-Inventory-Music-Static-Investigation.md	No glyph/palette operation is causally assigned	Glyph/palette-to-audio upstream causation remains Pending, not proven	Source-qualified bounded evidence	wiki-owned-original-or-production	pending-or-bounded	d285ce6554ef77e4036f71fe08c224a3b9f1ccb1	Pending causation/runtime scope remains unconfirmed
HUD-STATE-005	Native-HUD-and-UI.md	Native-HUD-and-UI.md	It replaces only the stock legend text-emission block	Accepted Inventory legend preserves native six-tile panel and replaces only text emission	Source-qualified bounded evidence	wiki-owned-original-or-production	established-context	d285ce6554ef77e4036f71fe08c224a3b9f1ccb1	Read current canonical owner before using this source-qualified finding
HUD-STATE-006	Native-HUD-and-UI.md	Native-HUD-and-UI.md	Items mode renders `LEFT-RIGHT BOX`	Items and Power-Ups modes have separate accepted button legends	Source-qualified bounded evidence	wiki-owned-original-or-production	established-context	d285ce6554ef77e4036f71fe08c224a3b9f1ccb1	Read current canonical owner before using this source-qualified finding
HUD-STATE-008	Native-HUD-and-UI.md	Persistence-Inventory-and-Lifecycle.md	The accepted transaction reuses filtered save + stage-masked load	Inside-Inventory box switch saves filtered LIVE, reloads stage-masked LIVE, resets selection and Combine	Source-qualified bounded evidence	wiki-owned-original-or-production	established-context	d285ce6554ef77e4036f71fe08c224a3b9f1ccb1	Read current canonical owner before using this source-qualified finding
HUD-STATE-009	Native-HUD-and-UI.md	Persistence-Inventory-and-Lifecycle.md	supports empty boxes, and leaves Power Ups Left/Right stock-owned	Empty box traversal works; Power-Ups Left/Right keeps native navigation	Source-qualified bounded evidence	wiki-owned-original-or-production	established-context	d285ce6554ef77e4036f71fe08c224a3b9f1ccb1	Read current canonical owner before using this source-qualified finding
HUD-STATE-010	Native-HUD-and-UI.md	Native-HUD-and-UI.md	`WATER1` and `WATER2` showed each other's portraits	Water portrait tuple item ID order was corrected; runtime recheck still Pending	Source-qualified bounded evidence	wiki-owned-original-or-production	pending-or-bounded	d285ce6554ef77e4036f71fe08c224a3b9f1ccb1	Pending causation/runtime scope remains unconfirmed
HUD-STATE-011	Native-HUD-and-UI.md	Native-HUD-and-UI.md	plain `/`, which renders as an unexpected native-font glyph	Plain slash is incompatible with accepted native HUD font presentation	Source-qualified bounded evidence	wiki-owned-original-or-production	established-context	d285ce6554ef77e4036f71fe08c224a3b9f1ccb1	Read current canonical owner before using this source-qualified finding
HUD-STATE-012	Native-HUD-and-UI.md	Native-HUD-and-UI.md	`REQ. POWERS X-Y`	Accepted REQ/CHKS formatting restored and user tested in webapp production	Source-qualified bounded evidence	wiki-owned-original-or-production	established-context	d285ce6554ef77e4036f71fe08c224a3b9f1ccb1	Read current canonical owner before using this source-qualified finding
HUD-STATE-013	Native-HUD-and-UI.md	Native-HUD-and-UI.md	v21 is Runtime-confirmed on the bounded TEST LAB route	v21 bounded Inventory HUD: color labels, real titles, portraits, table and font forwarding	Source-qualified bounded evidence	wiki-owned-original-or-production	bounded-proof-or-history	d285ce6554ef77e4036f71fe08c224a3b9f1ccb1	Preserve proof limitations and read latest canonical owner
HUD-STATE-014	Native-HUD-and-UI.md	Native-HUD-and-UI.md	v23 then Runtime-confirms	Rapid Power pickup synchronous award with guarded asynchronous white pulse child	Source-qualified bounded evidence	wiki-owned-original-or-production	established-context	d285ce6554ef77e4036f71fe08c224a3b9f1ccb1	Read current canonical owner before using this source-qualified finding
HUD-STATE-015	Native-HUD-and-UI.md	Memory-and-Allocation-Map.md	fixed `0x500` file-`0x1A` tail	Rich HUD code tail and build-time atlas resources have explicit production ownership	Source-qualified bounded evidence	wiki-owned-original-or-production	established-context	d285ce6554ef77e4036f71fe08c224a3b9f1ccb1	Read current canonical owner before using this source-qualified finding
HUD-STATE-016	Native-HUD-and-UI.md	Test-Lab-Inventory-Hang-Static-Diagnosis.md	v16/v18/v19 share a concrete first-load allocation bug	Rejected v14-v19 null branch passed string pointer instead of 0x1200 allocation size	Source-qualified bounded evidence	wiki-owned-original-or-production	rejected-or-superseded	d285ce6554ef77e4036f71fe08c224a3b9f1ccb1	Rejected or historical approach; do not use as a production rule
HUD-STATE-017	Native-HUD-and-UI.md	Test-Lab-Inventory-Hang-Static-Diagnosis.md	v20 sets the size in delay slot	v20 repaired first-load delay-slot allocation size, bounded runtime confirmed	Source-qualified bounded evidence	wiki-owned-original-or-production	bounded-proof-or-history	d285ce6554ef77e4036f71fe08c224a3b9f1ccb1	Preserve proof limitations and read latest canonical owner
HUD-STATE-018	Native-HUD-and-UI.md	1.0-Requirements-and-Roadmap.md	Final representative full-seed/lifecycle validation remains Pending	Accepted bounded HUD interaction does not waive full-seed release validation	Source-qualified bounded evidence	wiki-owned-original-or-production	established-context	d285ce6554ef77e4036f71fe08c224a3b9f1ccb1	Read current canonical owner before using this source-qualified finding
HUD-REQ-001	Native-HUD-and-UI.md	1.0-Requirements-and-Roadmap.md	current-stage check progress	1.0 HUD must show current-stage checks collected and total	Requirement (not RE proof)	wiki-owned-original-or-production	release-requirement	d285ce6554ef77e4036f71fe08c224a3b9f1ccb1	This is a requirement, not a claim of successful runtime delivery
HUD-REQ-002	Native-HUD-and-UI.md	1.0-Requirements-and-Roadmap.md	required Power Upgrades and the player's current progression status	1.0 HUD must expose required/current powers and progression	Requirement (not RE proof)	wiki-owned-original-or-production	release-requirement	d285ce6554ef77e4036f71fe08c224a3b9f1ccb1	This is a requirement, not a claim of successful runtime delivery
HUD-REQ-003	Native-HUD-and-UI.md	1.0-Requirements-and-Roadmap.md	current native box/storage state	1.0 HUD must show live storage/box selection	Requirement (not RE proof)	wiki-owned-original-or-production	release-requirement	d285ce6554ef77e4036f71fe08c224a3b9f1ccb1	This is a requirement, not a claim of successful runtime delivery
HUD-REQ-004	Native-HUD-and-UI.md	1.0-Requirements-and-Roadmap.md	key-item progress by stage	1.0 HUD must show stage-key progress	Requirement (not RE proof)	wiki-owned-original-or-production	release-requirement	d285ce6554ef77e4036f71fe08c224a3b9f1ccb1	This is a requirement, not a claim of successful runtime delivery
HUD-REQ-005	Native-HUD-and-UI.md	1.0-Requirements-and-Roadmap.md	useful temporary pickup feedback	1.0 HUD must present temporary pickup feedback	Requirement (not RE proof)	wiki-owned-original-or-production	release-requirement	d285ce6554ef77e4036f71fe08c224a3b9f1ccb1	This is a requirement, not a claim of successful runtime delivery
HUD-REQ-006	Native-HUD-and-UI.md	1.0-Requirements-and-Roadmap.md	exact visual parity and Lua-style inventory paging are not requirements	Lua overlay is semantic reference; exact Lua visuals/paging are not 1.0 requirements	Requirement (not RE proof)	wiki-owned-original-or-production	release-requirement	d285ce6554ef77e4036f71fe08c224a3b9f1ccb1	This is a requirement, not a claim of successful runtime delivery
HUD-CONTROL-001	Native-HUD-and-UI.md	Native-HUD-and-UI.md	six cursor positions are `TURN / ATTACK / SPECIALS / JUMP / RUN / EXIT`	Current frontend has 5 settings plus Exit, title-resident; helpers stage-loaded	Source-qualified bounded evidence	wiki-owned-original-or-production	established-context	d285ce6554ef77e4036f71fe08c224a3b9f1ccb1	Read current canonical owner before using this source-qualified finding
HUD-CONTROL-002	Native-HUD-and-UI.md	Player-Actions-and-Special-Moves.md	`TURN` | `TOGGLE` / `LOCK`	TURN toggle/lock uses native-facing lock behavior	Source-qualified bounded evidence	wiki-owned-original-or-production	established-context	d285ce6554ef77e4036f71fe08c224a3b9f1ccb1	Read current canonical owner before using this source-qualified finding
HUD-CONTROL-003	Native-HUD-and-UI.md	Player-Actions-and-Special-Moves.md	`ATTACK` | `CLASSIC` / `MODERN`	Modern ATTACK remaps events but retains stock combo parsing	Source-qualified bounded evidence	wiki-owned-original-or-production	established-context	d285ce6554ef77e4036f71fe08c224a3b9f1ccb1	Read current canonical owner before using this source-qualified finding
HUD-CONTROL-004	Native-HUD-and-UI.md	Player-Actions-and-Special-Moves.md	`SPECIALS` | `CLASSIC` / `MODERN`	Modern SPECIALS keeps native move tier/eligibility gates	Source-qualified bounded evidence	wiki-owned-original-or-production	established-context	d285ce6554ef77e4036f71fe08c224a3b9f1ccb1	Read current canonical owner before using this source-qualified finding
HUD-CONTROL-005	Native-HUD-and-UI.md	Player-Actions-and-Special-Moves.md	`JUMP` | `DPAD` / `BUTTON`	BUTTON jump requires ATTACK and SPECIALS modern and preserves ledge semantics	Source-qualified bounded evidence	wiki-owned-original-or-production	established-context	d285ce6554ef77e4036f71fe08c224a3b9f1ccb1	Read current canonical owner before using this source-qualified finding
HUD-CONTROL-006	Native-HUD-and-UI.md	Player-Actions-and-Special-Moves.md	`RUN` | `HOLD` / `AUTO`	RUN HOLD delegates native; AUTO respects remapped physical Run/Walk selection	Source-qualified bounded evidence	wiki-owned-original-or-production	established-context	d285ce6554ef77e4036f71fe08c224a3b9f1ccb1	Read current canonical owner before using this source-qualified finding
HUD-CONTROL-007	Native-HUD-and-UI.md	Persistence-Inventory-and-Lifecycle.md	Durable bits in the four-box state word	Durable state 0x800A60E8 bits for 5 settings survive box change; classic prerequisites clear button jump	Source-qualified bounded evidence	wiki-owned-original-or-production	established-context	d285ce6554ef77e4036f71fe08c224a3b9f1ccb1	Read current canonical owner before using this source-qualified finding
HUD-CONTROL-008	Native-HUD-and-UI.md	Native-HUD-and-UI.md	The earlier production menu offered TURN/COMBOS/SPECIALS/JUMP/EXIT	Older four-setting frontend superseded by 5-setting suite; preserve history only	Source-qualified bounded evidence	wiki-owned-original-or-production	rejected-or-superseded	d285ce6554ef77e4036f71fe08c224a3b9f1ccb1	Rejected or historical approach; do not use as a production rule
HUD-CONTROL-009	Native-HUD-and-UI.md	Native-HUD-and-UI.md	v01 — Rejected / failed	Frontend v01 nested renderer failed to preserve ra and hung	Source-qualified bounded evidence	wiki-owned-original-or-production	rejected-or-superseded	d285ce6554ef77e4036f71fe08c224a3b9f1ccb1	Rejected or historical approach; do not use as a production rule
HUD-CONTROL-010	Native-HUD-and-UI.md	Native-HUD-and-UI.md	v02 — Rejected / unsafe	Frontend v02 published invalid logical cursor index, causing corruption/audio anomaly	Source-qualified bounded evidence	wiki-owned-original-or-production	bounded-proof-or-history	d285ce6554ef77e4036f71fe08c224a3b9f1ccb1	Preserve proof limitations and read latest canonical owner
HUD-CONTROL-011	Native-HUD-and-UI.md	Native-HUD-and-UI.md	v03 — Superseded	Frontend v03 displaced native store still overwrote cursor type	Source-qualified bounded evidence	wiki-owned-original-or-production	bounded-proof-or-history	d285ce6554ef77e4036f71fe08c224a3b9f1ccb1	Preserve proof limitations and read latest canonical owner
HUD-CONTROL-012	Native-HUD-and-UI.md	Native-HUD-and-UI.md	v04 — Runtime-confirmed	v04 preserves owned cursor contract and native panel coordinates	Source-qualified bounded evidence	wiki-owned-original-or-production	bounded-proof-or-history	d285ce6554ef77e4036f71fe08c224a3b9f1ccb1	Preserve proof limitations and read latest canonical owner
HUD-CONTROL-013	Native-HUD-and-UI.md	Native-HUD-and-UI.md	loading shared file `0x1A` from the title/frontend lifecycle hard-hung	Title-phase file-1A loading rejected; stage initialization only	Source-qualified bounded evidence	wiki-owned-original-or-production	rejected-or-superseded	d285ce6554ef77e4036f71fe08c224a3b9f1ccb1	Rejected or historical approach; do not use as a production rule
HUD-CONTROL-014	Native-HUD-and-UI.md	Native-HUD-and-UI.md	stock GAME SETTINGS type-2 cursor table at exactly four entries	Accepted frontend maps logical RUN and EXIT to stock type-0 cursor coordinates	Source-qualified bounded evidence	wiki-owned-original-or-production	established-context	d285ce6554ef77e4036f71fe08c224a3b9f1ccb1	Read current canonical owner before using this source-qualified finding
HUD-CONTROL-015	Native-HUD-and-UI.md	Native-HUD-and-UI.md	v07 remains Rejected / failed	v07 overwrote attack gameplay tails and broke run auto behavior	Source-qualified bounded evidence	wiki-owned-original-or-production	bounded-proof-or-history	d285ce6554ef77e4036f71fe08c224a3b9f1ccb1	Preserve proof limitations and read latest canonical owner
HUD-CONTROL-017	Native-HUD-and-UI.md	Native-HUD-and-UI.md	v09 Runtime-confirmed correction	v09 re-derives volatile bases and preserves ra and correct cursor indices	Source-qualified bounded evidence	wiki-owned-original-or-production	bounded-proof-or-history	d285ce6554ef77e4036f71fe08c224a3b9f1ccb1	Preserve proof limitations and read latest canonical owner
HUD-CONTROL-018	Native-HUD-and-UI.md	Player-Actions-and-Special-Moves.md	v10 Runtime-confirmed gameplay successor	v10 adds Block-startup and RUN gameplay fixes after v09 frontend	Source-qualified bounded evidence	wiki-owned-original-or-production	bounded-proof-or-history	d285ce6554ef77e4036f71fe08c224a3b9f1ccb1	Preserve proof limitations and read latest canonical owner
HUD-CONTROL-019	Native-HUD-and-UI.md	Memory-and-Allocation-Map.md	accepted v02 composition puts controls below `0x801B0880`	Accepted v02 runtime control/Toasty allocation under 16 KiB reservation	Source-qualified bounded evidence	wiki-owned-original-or-production	bounded-proof-or-history	d285ce6554ef77e4036f71fe08c224a3b9f1ccb1	Preserve proof limitations and read latest canonical owner
RES-002	ROM-Overlay-and-Resource-Map.md	Memory-and-Allocation-Map.md	file ID `0x1B`	File 0x1B is the supported native-payload loader source	Runtime-confirmed bounded	Production-owned ROM/package	established-context	5572c7225d9f8123d42fb1c8d2da61a4ddbc8687	Read current canonical owner before using this source-qualified finding
RES-003	ROM-Overlay-and-Resource-Map.md	Presentation-and-Branding.md	file ID `0x5E`	File 0x5E owns title-screen image package	Static-confirmed	Retail/production resource	established-context	5572c7225d9f8123d42fb1c8d2da61a4ddbc8687	Read current canonical owner before using this source-qualified finding
RES-006	ROM-Overlay-and-Resource-Map.md	ROM-Overlay-and-Resource-Map.md	File-relative descriptor/data offset	Resolve file-relative descriptor offsets against loaded resource base, not ROM	Static-confirmed	Stage resource coordinate	established-context	5572c7225d9f8123d42fb1c8d2da61a4ddbc8687	Read current canonical owner before using this source-qualified finding
RES-007	ROM-Overlay-and-Resource-Map.md	ROM-Overlay-and-Resource-Map.md	External resource/cache ID	External resource IDs do not prove residency in another stage	Static-confirmed	Stage/cache context	established-context	5572c7225d9f8123d42fb1c8d2da61a4ddbc8687	Read current canonical owner before using this source-qualified finding
RES-008	ROM-Overlay-and-Resource-Map.md	Stage-Catalogs.md	Each of the eight main gameplay stages has its own resource file	Eight independent stage resource files; stage catalog owns concrete selectors	Static-confirmed	Stage-qualified resource	established-context	5572c7225d9f8123d42fb1c8d2da61a4ddbc8687	Read current canonical owner before using this source-qualified finding
RES-010	ROM-Overlay-and-Resource-Map.md	Memory-and-Allocation-Map.md	A zero outer-table word is only a	Zero selector is logical capacity observation, not free physical file bytes	Static-confirmed	Negative control	established-context	5572c7225d9f8123d42fb1c8d2da61a4ddbc8687	Read current canonical owner before using this source-qualified finding
RES-016	ROM-Overlay-and-Resource-Map.md	ROM-Overlay-and-Resource-Map.md	no stock selector-count/table-width check	Ordinary pickup path lacks stock selector-width validation, not universal across consumers	Static-confirmed	Stock path caveat	established-context	5572c7225d9f8123d42fb1c8d2da61a4ddbc8687	Read current canonical owner before using this source-qualified finding
RES-017	ROM-Overlay-and-Resource-Map.md	Global-Item-Materialization-and-Solvability.md	pickup +0x24 = appended_selector_entry_offset / 4	Extension selectors can address appended selector entries in relocated resource file	Static-confirmed path; bounded proof	Cross-stage materializer policy	established-context	5572c7225d9f8123d42fb1c8d2da61a4ddbc8687	Read current canonical owner before using this source-qualified finding
RES-018	ROM-Overlay-and-Resource-Map.md	ROM-Overlay-and-Resource-Map.md	**embedded form:**	Embedded resource record uses +4=0 and +8 file-relative compressed offset	Static-confirmed	Resource descriptor grammar	established-context	5572c7225d9f8123d42fb1c8d2da61a4ddbc8687	Read current canonical owner before using this source-qualified finding
RES-019	ROM-Overlay-and-Resource-Map.md	ROM-Overlay-and-Resource-Map.md	**external-resource-ID form:**	External resource record uses +4 resource ID and +8=0	Static-confirmed	Resource descriptor grammar	established-context	5572c7225d9f8123d42fb1c8d2da61a4ddbc8687	Read current canonical owner before using this source-qualified finding
RES-020	ROM-Overlay-and-Resource-Map.md	Global-Item-Materialization-and-Solvability.md	not guaranteed to be portable between stages	External cache dependency can break cross-stage materialization	Static-confirmed; bounded runtime	Negative control	established-context	5572c7225d9f8123d42fb1c8d2da61a4ddbc8687	Read current canonical owner before using this source-qualified finding
RES-023	ROM-Overlay-and-Resource-Map.md	ROM-Overlay-and-Resource-Map.md	`low6 + 2`	Native type-4 back-reference run length is inclusive low6+2	Static-confirmed	Decoder detail	established-context	5572c7225d9f8123d42fb1c8d2da61a4ddbc8687	Read current canonical owner before using this source-qualified finding
RES-024	ROM-Overlay-and-Resource-Map.md	ROM-Overlay-and-Resource-Map.md	decodes to `0x61494` bytes	Title resource flag1 and decoded length 0x61494	Static-confirmed	Retail package data	established-context	5572c7225d9f8123d42fb1c8d2da61a4ddbc8687	Read current canonical owner before using this source-qualified finding
RES-025	ROM-Overlay-and-Resource-Map.md	ROM-Overlay-and-Resource-Map.md	byte-exact stock decode/re-encode	Title uses MSB-first LZW and byte-exact original-size re-encode	Static-confirmed	Resource compression proof	established-context	5572c7225d9f8123d42fb1c8d2da61a4ddbc8687	Read current canonical owner before using this source-qualified finding
RES-026	ROM-Overlay-and-Resource-Map.md	Presentation-and-Branding.md	data-only	Approved title processing edits CI8 image in original package, not an executable cave	Implementation/CI-confirmed	Production resource policy	established-context	5572c7225d9f8123d42fb1c8d2da61a4ddbc8687	Read current canonical owner before using this source-qualified finding
RES-038	ROM-Overlay-and-Resource-Map.md	Memory-and-Allocation-Map.md	A successful disposable resource relocation does not reserve	Proof relocation does not establish production-safe storage	Static-confirmed	ROM ownership constraint	bounded-proof-or-history	5572c7225d9f8123d42fb1c8d2da61a4ddbc8687	Preserve proof limitations and read latest canonical owner
RES-039	ROM-Overlay-and-Resource-Map.md	Memory-and-Allocation-Map.md	Dynamic stage resource allocations do not imply	Dynamic resource loading does not prove reusable fixed RDRAM interval	Static-confirmed	Runtime allocation boundary	established-context	5572c7225d9f8123d42fb1c8d2da61a4ddbc8687	Read current canonical owner before using this source-qualified finding
RES-040	ROM-Overlay-and-Resource-Map.md	Memory-and-Allocation-Map.md	requires explicit bounded backing storage	Appending resource selector/descriptor requires explicit owned storage/updated file table	Static-confirmed	Production integration constraint	pending-or-bounded	5572c7225d9f8123d42fb1c8d2da61a4ddbc8687	Pending causation/runtime scope remains unconfirmed
RES-041	ROM-Overlay-and-Resource-Map.md	ROM-Overlay-and-Resource-Map.md	External resource IDs are context-dependent	External resource ID portability cannot be assumed from a number	Static-confirmed	Resource safety invariant	established-context	5572c7225d9f8123d42fb1c8d2da61a4ddbc8687	Read current canonical owner before using this source-qualified finding
STAGE-INDEX-SPECIAL	Stage-Catalogs.md	Stage-Catalogs.md	Scripted/special actors such as the Temple Map	Temple Map and special actors are not included in the ordinary-pickup census	Static-confirmed; bounded	special actors	established-context	f19d3d7399065db587f8100652acd328350c98da	Read current canonical owner before using this source-qualified finding
