fact_id	owner_page	section	wiki_source_anchor	platform_scope	evidence	migration_status	target_path	target_key	finding
HUD-RENDER-001	Native-HUD-and-UI.md	Confirmed gameplay HUD path	It contains 13 calls to node submitter	stock-global-or-guarded-product	Static-confirmed / evidence bounded in current Wiki	ghidra-confirmed	analysis/functions.tsv	0x8005BFB0	Native HUD owner has 13 render-node submit calls
HUD-RENDER-002	Native-HUD-and-UI.md	Confirmed gameplay HUD path	Production hooks one call at ROM	stock-global-or-guarded-product	Static-confirmed / evidence bounded in current Wiki	wiki-or-sidecar-routed	analysis/rom_patch_sites.tsv	reg_032	Production HUD hook; displaced submit followed by box indicator
HUD-RENDER-003	Native-HUD-and-UI.md	Confirmed gameplay HUD path	Render nodes are allocated by	stock-global-or-guarded-product	Static-confirmed / evidence bounded in current Wiki	ghidra-confirmed	analysis/functions.tsv	0x8002018C	Stock 0x58 render-node allocator
HUD-RENDER-004	Native-HUD-and-UI.md	Confirmed gameplay HUD path	submitted by `0x8001EAE4`	stock-global-or-guarded-product	Static-confirmed / evidence bounded in current Wiki	ghidra-confirmed	analysis/functions.tsv	0x8001EAE4	Stock gameplay render-node submitter
HUD-RENDER-005	Native-HUD-and-UI.md	Native text	Arbitrary null-terminated strings placed in custom RDRAM were runtime-confirmed	stock-global-or-guarded-product	Static-confirmed / evidence bounded in current Wiki	ghidra-confirmed	analysis/comments.tsv	0x80073E74	Native text accepts custom RDRAM strings
HUD-RENDER-006	Native-HUD-and-UI.md	Native text	| Width calculation |	stock-global-or-guarded-product	Static-confirmed / evidence bounded in current Wiki	ghidra-confirmed	analysis/functions.tsv	0x80074084	Native text-width helper
HUD-RENDER-007	Native-HUD-and-UI.md	Native text	| Font data |	stock-global-or-guarded-product	Static-confirmed / evidence bounded in current Wiki	ghidra-confirmed	analysis/globals.tsv	0x800B1E20	Native stock font data address
HUD-RENDER-008	Native-HUD-and-UI.md	Native text	The production wrapper occupies ROM	stock-global-or-guarded-product	Static-confirmed / evidence bounded in current Wiki	wiki-or-sidecar-routed	analysis/rom_patch_sites.tsv	reg_063	Box indicator wrapper is production-only legal-text reclamation
HUD-RENDER-009	Native-HUD-and-UI.md	Context-specific renderer family	The path beginning at `0x80073CEC`	stock-global-or-guarded-product	Static-confirmed / evidence bounded in current Wiki	ghidra-confirmed	analysis/bookmarks.tsv	0x8001E578	Context-specific glyph drawing is not universal gameplay sprite API
HUD-RENDER-010	Native-HUD-and-UI.md	Gameplay render-node usage and generic conclusions	An added MKMSZR-owned textured node can be submitted	stock-global-or-guarded-product	Static-confirmed / evidence bounded in current Wiki	ghidra-confirmed	analysis/comments.tsv	0x8001EAE4	Native HUD queue accepts cloned textured nodes (bounded v08)
HUD-RENDER-011	Native-HUD-and-UI.md	Gameplay render-node usage and generic conclusions	Node halfword `+0x4A` selects	stock-global-or-guarded-product	Static-confirmed / evidence bounded in current Wiki	ghidra-confirmed	analysis/functions.tsv	0x8001F7A8	Node +0x4A supplies texture-slot identifier
HUD-RENDER-012	Native-HUD-and-UI.md	Gameplay render-node usage and generic conclusions	The corrected fixed-slot record base is	stock-global-or-guarded-product	Static-confirmed / evidence bounded in current Wiki	ghidra-confirmed	analysis/comments.tsv	0x8001C2B4	Correct texture-slot record and backing-pointer table bases
HUD-RENDER-013	Native-HUD-and-UI.md	Gameplay render-node usage and generic conclusions	A dynamic CI8 allocation can feed genuine imported image pixels	bounded-proof/wiki-owner	Static-confirmed / evidence bounded in current Wiki	wiki-or-sidecar-routed	wiki/Native-HUD-and-UI.md		CI8 image pixels work in cloned node; v15 inherited wrong stock palette
HUD-RENDER-014	Native-HUD-and-UI.md	Gameplay render-node usage and generic conclusions	Dynamic slot record `+0x08` is the DRAM source-image width	stock-global-or-guarded-product	Static-confirmed / evidence bounded in current Wiki	ghidra-confirmed	analysis/comments.tsv	0x8001C2B4	Texture slot source width +0x08 remains caller-owned on reuse
HUD-RENDER-015	Native-HUD-and-UI.md	Gameplay render-node usage and generic conclusions	Node halfword `+0x4C` is the palette selector	stock-global-or-guarded-product	Static-confirmed / evidence bounded in current Wiki	ghidra-confirmed	analysis/functions.tsv	0x8001F7A8	Node +0x4C is the palette selector
HUD-RENDER-016	Native-HUD-and-UI.md	Pickup presentation descriptors	`0x800B1BAC`	stock-original-data	Static-confirmed / evidence bounded in current Wiki	known-in-wiki-unlinked			Potion descriptor has 16 entries; ROM 0xB27AC
HUD-RENDER-017	Native-HUD-and-UI.md	Pickup presentation descriptors	`0x800B1BD0`	stock-original-data	Static-confirmed / evidence bounded in current Wiki	known-in-wiki-unlinked			Generic A / crystals descriptor; ROM 0xB27D0
HUD-RENDER-018	Native-HUD-and-UI.md	Pickup presentation descriptors	`0x800B1D18`	stock-original-data	Static-confirmed / evidence bounded in current Wiki	known-in-wiki-unlinked			Generic B / keys and icons descriptor has 14 entries; ROM 0xB2918
HUD-RENDER-019	Native-HUD-and-UI.md	Pickup presentation descriptors	`0x800B1D38`	stock-original-data	Static-confirmed / evidence bounded in current Wiki	known-in-wiki-unlinked			Jar and item presentation descriptor; ROM 0xB2938
HUD-RENDER-020	Native-HUD-and-UI.md	Pickup presentation descriptors	The resource selector in a pickup record is stage-local	bounded-proof/wiki-owner	Static-confirmed / evidence bounded in current Wiki	wiki-or-sidecar-routed	wiki/ROM-Overlay-and-Resource-Map.md		Pickup selector is stage-local and descriptor alone does not load model data
HUD-RENDER-021	Native-HUD-and-UI.md	Rejected or bounded renderer approaches	Direct framebuffer drawing was unstable	bounded-proof/wiki-owner	Static-confirmed / evidence bounded in current Wiki	wiki-or-sidecar-routed	wiki/Native-HUD-and-UI.md		Direct framebuffer drawing is rejected
HUD-RENDER-022	Native-HUD-and-UI.md	Rejected or bounded renderer approaches	An inline wrapper that allocates/submits multiple nodes is viable	bounded-proof/wiki-owner	Static-confirmed / evidence bounded in current Wiki	wiki-or-sidecar-routed	wiki/Native-HUD-and-UI.md		Inline multiple-node wrapper viable; overgeneralized helper rejected
HUD-STATE-001	Native-HUD-and-UI.md	Current conclusion	The normal gameplay HUD path at	stock-original-code	Source-qualified bounded evidence	ghidra-confirmed	analysis/functions.tsv	0x8005BFB0	Stock gameplay HUD remains distinct from Inventory UI
HUD-STATE-002	Native-HUD-and-UI.md	Rich Inventory upstream evidence	Materialization still draws/acquires native glyphs each frame	stock-original-code	Source-qualified bounded evidence	ghidra-confirmed	analysis/comments.tsv	0x80073CEC	Materialized rich Inventory still executes native glyph drawing/acquisition per frame
HUD-STATE-003	Native-HUD-and-UI.md	Rich Inventory upstream evidence	Paired diagnostic states have byte-identical HUDs	wiki-owned-original-or-production	Source-qualified bounded evidence	wiki-or-sidecar-routed	wiki/Production-Rich-Inventory-Music-Static-Investigation.md		Matched diagnostic states have identical HUD and stable palette/source identity
HUD-STATE-004	Native-HUD-and-UI.md	Rich Inventory upstream evidence	No glyph/palette operation is causally assigned	wiki-owned-original-or-production	Source-qualified bounded evidence	wiki-or-sidecar-routed	wiki/Production-Rich-Inventory-Music-Static-Investigation.md		Glyph/palette-to-audio upstream causation remains Pending, not proven
HUD-STATE-005	Native-HUD-and-UI.md	Native four-box Inventory legend	It replaces only the stock legend text-emission block	wiki-owned-original-or-production	Source-qualified bounded evidence	wiki-or-sidecar-routed	wiki/Native-HUD-and-UI.md		Accepted Inventory legend preserves native six-tile panel and replaces only text emission
HUD-STATE-006	Native-HUD-and-UI.md	Native four-box Inventory legend	Items mode renders `LEFT-RIGHT BOX`	wiki-owned-original-or-production	Source-qualified bounded evidence	wiki-or-sidecar-routed	wiki/Native-HUD-and-UI.md		Items and Power-Ups modes have separate accepted button legends
HUD-STATE-007	Native-HUD-and-UI.md	In-Inventory four-box navigation	Items-mode Left/Right cycles all four authoritative boxes	stock-original-code	Source-qualified bounded evidence	ghidra-confirmed	analysis/comments.tsv	0x80073588	Four-box switch is synchronous within the existing Inventory process
HUD-STATE-008	Native-HUD-and-UI.md	In-Inventory four-box navigation	The accepted transaction reuses filtered save + stage-masked load	wiki-owned-original-or-production	Source-qualified bounded evidence	wiki-or-sidecar-routed	wiki/Persistence-Inventory-and-Lifecycle.md		Inside-Inventory box switch saves filtered LIVE, reloads stage-masked LIVE, resets selection and Combine
HUD-STATE-009	Native-HUD-and-UI.md	In-Inventory four-box navigation	supports empty boxes, and leaves Power Ups Left/Right stock-owned	wiki-owned-original-or-production	Source-qualified bounded evidence	wiki-or-sidecar-routed	wiki/Persistence-Inventory-and-Lifecycle.md		Empty box traversal works; Power-Ups Left/Right keeps native navigation
HUD-STATE-010	Native-HUD-and-UI.md	Water Inventory portrait-order correction	`WATER1` and `WATER2` showed each other's portraits	wiki-owned-original-or-production	Source-qualified bounded evidence	wiki-or-sidecar-routed	wiki/Native-HUD-and-UI.md		Water portrait tuple item ID order was corrected; runtime recheck still Pending
HUD-STATE-011	Native-HUD-and-UI.md	Production wording correction	plain `/`, which renders as an unexpected native-font glyph	wiki-owned-original-or-production	Source-qualified bounded evidence	wiki-or-sidecar-routed	wiki/Native-HUD-and-UI.md		Plain slash is incompatible with accepted native HUD font presentation
HUD-STATE-012	Native-HUD-and-UI.md	Production wording correction	`REQ. POWERS X-Y`	wiki-owned-original-or-production	Source-qualified bounded evidence	wiki-or-sidecar-routed	wiki/Native-HUD-and-UI.md		Accepted REQ/CHKS formatting restored and user tested in webapp production
HUD-STATE-013	Native-HUD-and-UI.md	Inventory-HUD accepted closure	v21 is Runtime-confirmed on the bounded TEST LAB route	wiki-owned-original-or-production	Source-qualified bounded evidence	wiki-or-sidecar-routed	wiki/Native-HUD-and-UI.md		v21 bounded Inventory HUD: color labels, real titles, portraits, table and font forwarding
HUD-STATE-014	Native-HUD-and-UI.md	Inventory-HUD accepted closure	v23 then Runtime-confirms	wiki-owned-original-or-production	Source-qualified bounded evidence	wiki-or-sidecar-routed	wiki/Native-HUD-and-UI.md		Rapid Power pickup synchronous award with guarded asynchronous white pulse child
HUD-STATE-015	Native-HUD-and-UI.md	Inventory-HUD accepted closure	fixed `0x500` file-`0x1A` tail	wiki-owned-original-or-production	Source-qualified bounded evidence	wiki-or-sidecar-routed	wiki/Memory-and-Allocation-Map.md		Rich HUD code tail and build-time atlas resources have explicit production ownership
HUD-STATE-016	Native-HUD-and-UI.md	Inventory-HUD proof-line correction	v16/v18/v19 share a concrete first-load allocation bug	wiki-owned-original-or-production	Source-qualified bounded evidence	wiki-or-sidecar-routed	wiki/Test-Lab-Inventory-Hang-Static-Diagnosis.md		Rejected v14-v19 null branch passed string pointer instead of 0x1200 allocation size
HUD-STATE-017	Native-HUD-and-UI.md	Inventory-HUD proof-line correction	v20 sets the size in delay slot	wiki-owned-original-or-production	Source-qualified bounded evidence	wiki-or-sidecar-routed	wiki/Test-Lab-Inventory-Hang-Static-Diagnosis.md		v20 repaired first-load delay-slot allocation size, bounded runtime confirmed
HUD-STATE-018	Native-HUD-and-UI.md	Current conclusion	Final representative full-seed/lifecycle validation remains Pending	wiki-owned-original-or-production	Source-qualified bounded evidence	wiki-or-sidecar-routed	wiki/1.0-Requirements-and-Roadmap.md		Accepted bounded HUD interaction does not waive full-seed release validation
HUD-REQ-001	Native-HUD-and-UI.md	1.0 randomizer HUD implementation/reference	current-stage check progress	wiki-owned-original-or-production	Requirement (not RE proof)	wiki-or-sidecar-routed	wiki/1.0-Requirements-and-Roadmap.md		1.0 HUD must show current-stage checks collected and total
HUD-REQ-002	Native-HUD-and-UI.md	1.0 randomizer HUD implementation/reference	required Power Upgrades and the player's current progression status	wiki-owned-original-or-production	Requirement (not RE proof)	wiki-or-sidecar-routed	wiki/1.0-Requirements-and-Roadmap.md		1.0 HUD must expose required/current powers and progression
HUD-REQ-003	Native-HUD-and-UI.md	1.0 randomizer HUD implementation/reference	current native box/storage state	wiki-owned-original-or-production	Requirement (not RE proof)	wiki-or-sidecar-routed	wiki/1.0-Requirements-and-Roadmap.md		1.0 HUD must show live storage/box selection
HUD-REQ-004	Native-HUD-and-UI.md	1.0 randomizer HUD implementation/reference	key-item progress by stage	wiki-owned-original-or-production	Requirement (not RE proof)	wiki-or-sidecar-routed	wiki/1.0-Requirements-and-Roadmap.md		1.0 HUD must show stage-key progress
HUD-REQ-005	Native-HUD-and-UI.md	1.0 randomizer HUD implementation/reference	useful temporary pickup feedback	wiki-owned-original-or-production	Requirement (not RE proof)	wiki-or-sidecar-routed	wiki/1.0-Requirements-and-Roadmap.md		1.0 HUD must present temporary pickup feedback
HUD-REQ-006	Native-HUD-and-UI.md	1.0 randomizer HUD implementation/reference	exact visual parity and Lua-style inventory paging are not requirements	wiki-owned-original-or-production	Requirement (not RE proof)	wiki-or-sidecar-routed	wiki/1.0-Requirements-and-Roadmap.md		Lua overlay is semantic reference; exact Lua visuals/paging are not 1.0 requirements
HUD-CONTROL-001	Native-HUD-and-UI.md	Production GAME SETTINGS frontend	six cursor positions are `TURN / ATTACK / SPECIALS / JUMP / RUN / EXIT`	wiki-owned-original-or-production	Source-qualified bounded evidence	wiki-or-sidecar-routed	wiki/Native-HUD-and-UI.md		Current frontend has 5 settings plus Exit, title-resident; helpers stage-loaded
HUD-CONTROL-002	Native-HUD-and-UI.md	Production GAME SETTINGS frontend	`TURN` | `TOGGLE` / `LOCK`	wiki-owned-original-or-production	Source-qualified bounded evidence	wiki-or-sidecar-routed	wiki/Player-Actions-and-Special-Moves.md		TURN toggle/lock uses native-facing lock behavior
HUD-CONTROL-003	Native-HUD-and-UI.md	Production GAME SETTINGS frontend	`ATTACK` | `CLASSIC` / `MODERN`	wiki-owned-original-or-production	Source-qualified bounded evidence	wiki-or-sidecar-routed	wiki/Player-Actions-and-Special-Moves.md		Modern ATTACK remaps events but retains stock combo parsing
HUD-CONTROL-004	Native-HUD-and-UI.md	Production GAME SETTINGS frontend	`SPECIALS` | `CLASSIC` / `MODERN`	wiki-owned-original-or-production	Source-qualified bounded evidence	wiki-or-sidecar-routed	wiki/Player-Actions-and-Special-Moves.md		Modern SPECIALS keeps native move tier/eligibility gates
HUD-CONTROL-005	Native-HUD-and-UI.md	Production GAME SETTINGS frontend	`JUMP` | `DPAD` / `BUTTON`	wiki-owned-original-or-production	Source-qualified bounded evidence	wiki-or-sidecar-routed	wiki/Player-Actions-and-Special-Moves.md		BUTTON jump requires ATTACK and SPECIALS modern and preserves ledge semantics
HUD-CONTROL-006	Native-HUD-and-UI.md	Production GAME SETTINGS frontend	`RUN` | `HOLD` / `AUTO`	wiki-owned-original-or-production	Source-qualified bounded evidence	wiki-or-sidecar-routed	wiki/Player-Actions-and-Special-Moves.md		RUN HOLD delegates native; AUTO respects remapped physical Run/Walk selection
HUD-CONTROL-007	Native-HUD-and-UI.md	Production GAME SETTINGS frontend	Durable bits in the four-box state word	wiki-owned-original-or-production	Source-qualified bounded evidence	wiki-or-sidecar-routed	wiki/Persistence-Inventory-and-Lifecycle.md		Durable state 0x800A60E8 bits for 5 settings survive box change; classic prerequisites clear button jump
HUD-CONTROL-008	Native-HUD-and-UI.md	Earlier four-setting frontend (v04)	The earlier production menu offered TURN/COMBOS/SPECIALS/JUMP/EXIT	wiki-owned-original-or-production	Source-qualified bounded evidence	wiki-or-sidecar-routed	wiki/Native-HUD-and-UI.md		Older four-setting frontend superseded by 5-setting suite; preserve history only
HUD-CONTROL-009	Native-HUD-and-UI.md	Earlier four-setting frontend (v04)	v01 — Rejected / failed	wiki-owned-original-or-production	Source-qualified bounded evidence	wiki-or-sidecar-routed	wiki/Native-HUD-and-UI.md		Frontend v01 nested renderer failed to preserve ra and hung
HUD-CONTROL-010	Native-HUD-and-UI.md	Earlier four-setting frontend (v04)	v02 — Rejected / unsafe	wiki-owned-original-or-production	Source-qualified bounded evidence	wiki-or-sidecar-routed	wiki/Native-HUD-and-UI.md		Frontend v02 published invalid logical cursor index, causing corruption/audio anomaly
HUD-CONTROL-011	Native-HUD-and-UI.md	Earlier four-setting frontend (v04)	v03 — Superseded	wiki-owned-original-or-production	Source-qualified bounded evidence	wiki-or-sidecar-routed	wiki/Native-HUD-and-UI.md		Frontend v03 displaced native store still overwrote cursor type
HUD-CONTROL-012	Native-HUD-and-UI.md	Earlier four-setting frontend (v04)	v04 — Runtime-confirmed	wiki-owned-original-or-production	Source-qualified bounded evidence	wiki-or-sidecar-routed	wiki/Native-HUD-and-UI.md		v04 preserves owned cursor contract and native panel coordinates
HUD-CONTROL-013	Native-HUD-and-UI.md	Earlier four-setting frontend (v04)	loading shared file `0x1A` from the title/frontend lifecycle hard-hung	wiki-owned-original-or-production	Source-qualified bounded evidence	wiki-or-sidecar-routed	wiki/Native-HUD-and-UI.md		Title-phase file-1A loading rejected; stage initialization only
HUD-CONTROL-014	Native-HUD-and-UI.md	Five-setting controls frontend — v09 accepted proof	stock GAME SETTINGS type-2 cursor table at exactly four entries	wiki-owned-original-or-production	Source-qualified bounded evidence	wiki-or-sidecar-routed	wiki/Native-HUD-and-UI.md		Accepted frontend maps logical RUN and EXIT to stock type-0 cursor coordinates
HUD-CONTROL-015	Native-HUD-and-UI.md	Five-setting controls frontend — v09 accepted proof	v07 remains Rejected / failed	wiki-owned-original-or-production	Source-qualified bounded evidence	wiki-or-sidecar-routed	wiki/Native-HUD-and-UI.md		v07 overwrote attack gameplay tails and broke run auto behavior
HUD-CONTROL-016	Native-HUD-and-UI.md	Five-setting controls frontend — v09 accepted proof	v08 remains Rejected / failed	stock-original-code	Static-confirmed; Rejected / failed	ghidra-confirmed	analysis/comments.tsv	0x8001CA88	v08 renderer clobbered caller-saved t0; later t5 carry also unsafe
HUD-CONTROL-017	Native-HUD-and-UI.md	Five-setting controls frontend — v09 accepted proof	v09 Runtime-confirmed correction	wiki-owned-original-or-production	Source-qualified bounded evidence	wiki-or-sidecar-routed	wiki/Native-HUD-and-UI.md		v09 re-derives volatile bases and preserves ra and correct cursor indices
HUD-CONTROL-018	Native-HUD-and-UI.md	Five-setting controls frontend — v09 accepted proof	v10 Runtime-confirmed gameplay successor	wiki-owned-original-or-production	Source-qualified bounded evidence	wiki-or-sidecar-routed	wiki/Player-Actions-and-Special-Moves.md		v10 adds Block-startup and RUN gameplay fixes after v09 frontend
HUD-CONTROL-019	Native-HUD-and-UI.md	Five-setting controls frontend — v09 accepted proof	accepted v02 composition puts controls below `0x801B0880`	wiki-owned-original-or-production	Source-qualified bounded evidence	wiki-or-sidecar-routed	wiki/Memory-and-Allocation-Map.md		Accepted v02 runtime control/Toasty allocation under 16 KiB reservation
RES-001	ROM-Overlay-and-Resource-Map.md	Global file table and raw loading	file table begins at ROM	Stock global data	Static-confirmed	ghidra-confirmed	analysis/bookmarks.tsv	0x800A4410	Stock global file table at ROM 0xA5010; each entry is 12 bytes
RES-002	ROM-Overlay-and-Resource-Map.md	Global file table and raw loading	file ID `0x1B`	Production-owned ROM/package	Runtime-confirmed bounded	wiki-or-sidecar-routed	wiki/Memory-and-Allocation-Map.md		File 0x1B is the supported native-payload loader source
RES-003	ROM-Overlay-and-Resource-Map.md	Global file table and raw loading	file ID `0x5E`	Retail/production resource	Static-confirmed	wiki-or-sidecar-routed	wiki/Presentation-and-Branding.md		File 0x5E owns title-screen image package
RES-004	ROM-Overlay-and-Resource-Map.md	Global file table and raw loading	raw global-file loader at `0x80065D64`	Stock global code	Static-confirmed; Runtime-confirmed bounded	ghidra-confirmed	analysis/functions.tsv	0x80065D64	Synchronous loader on the validated bootstrap path
RES-005	ROM-Overlay-and-Resource-Map.md	Global versus stage-local resource identity	same numeric selector can mean different things	Stock pickup record	Static-confirmed	ghidra-confirmed	analysis/types.tsv	MKMSZ_PickupRecord|resource_selector	Ordinary pickup selector +0x24 is stage-local, not a global file ID
RES-006	ROM-Overlay-and-Resource-Map.md	Global versus stage-local resource identity	File-relative descriptor/data offset	Stage resource coordinate	Static-confirmed	wiki-or-sidecar-routed	wiki/ROM-Overlay-and-Resource-Map.md		Resolve file-relative descriptor offsets against loaded resource base, not ROM
RES-007	ROM-Overlay-and-Resource-Map.md	Global versus stage-local resource identity	External resource/cache ID	Stage/cache context	Static-confirmed	wiki-or-sidecar-routed	wiki/ROM-Overlay-and-Resource-Map.md		External resource IDs do not prove residency in another stage
RES-008	ROM-Overlay-and-Resource-Map.md	Main-stage resource files	Each of the eight main gameplay stages has its own resource file	Stage-qualified resource	Static-confirmed	wiki-or-sidecar-routed	wiki/Stage-Catalogs.md		Eight independent stage resource files; stage catalog owns concrete selectors
RES-009	ROM-Overlay-and-Resource-Map.md	Main-stage resource files	held at `0x802E82B8`	Global variable slot	Static-confirmed	known-in-wiki-unlinked			Runtime word 0x802E82B8 points to current stage resource file base; not directly indexed as global data
RES-010	ROM-Overlay-and-Resource-Map.md	Outer selector table grammar	A zero outer-table word is only a	Negative control	Static-confirmed	wiki-or-sidecar-routed	wiki/Memory-and-Allocation-Map.md		Zero selector is logical capacity observation, not free physical file bytes
RES-011	ROM-Overlay-and-Resource-Map.md	Outer selector table grammar	record `+0x24` supplies the selector	Stock pickup record	Static-confirmed	ghidra-confirmed	analysis/types.tsv	MKMSZ_PickupRecord|resource_selector	Ordinary record +0x24 supplies the stage-relative selector
RES-012	ROM-Overlay-and-Resource-Map.md	Outer selector table grammar	0x80038BE4  lw   v0	Stock global code interior	Static-confirmed	known-in-wiki-unlinked			Per-pickup selector read at code 0x80038BE4 lacks exact trace-marker/field-use link
RES-013	ROM-Overlay-and-Resource-Map.md	Outer selector table grammar	0x80038BFC  addu s1	Stock global code interior	Static-confirmed	known-in-wiki-unlinked			Stage resource entry address is base + selector*4 at 0x80038BFC
RES-014	ROM-Overlay-and-Resource-Map.md	Outer selector table grammar	`0x800281A0` then performs:	Stock global code	Static-confirmed	ghidra-confirmed	analysis/functions.tsv	0x800281A0	Stage outer entry resolves file-relative descriptor into pointer
RES-015	ROM-Overlay-and-Resource-Map.md	Outer selector table grammar	jal  0x80028128	Stock global code	Static-confirmed	ghidra-confirmed	analysis/functions.tsv	0x80028128	Resource-backed actor constructor receives direct descriptor pointer
RES-016	ROM-Overlay-and-Resource-Map.md	Outer selector table grammar	no stock selector-count/table-width check	Stock path caveat	Static-confirmed	wiki-or-sidecar-routed	wiki/ROM-Overlay-and-Resource-Map.md		Ordinary pickup path lacks stock selector-width validation, not universal across consumers
RES-017	ROM-Overlay-and-Resource-Map.md	Outer selector table grammar	pickup +0x24 = appended_selector_entry_offset / 4	Cross-stage materializer policy	Static-confirmed path; bounded proof	wiki-or-sidecar-routed	wiki/Global-Item-Materialization-and-Solvability.md		Extension selectors can address appended selector entries in relocated resource file
RES-018	ROM-Overlay-and-Resource-Map.md	Resource-record storage forms	**embedded form:**	Resource descriptor grammar	Static-confirmed	wiki-or-sidecar-routed	wiki/ROM-Overlay-and-Resource-Map.md		Embedded resource record uses +4=0 and +8 file-relative compressed offset
RES-019	ROM-Overlay-and-Resource-Map.md	Resource-record storage forms	**external-resource-ID form:**	Resource descriptor grammar	Static-confirmed	wiki-or-sidecar-routed	wiki/ROM-Overlay-and-Resource-Map.md		External resource record uses +4 resource ID and +8=0
RES-020	ROM-Overlay-and-Resource-Map.md	Resource-record storage forms	not guaranteed to be portable between stages	Negative control	Static-confirmed; bounded runtime	wiki-or-sidecar-routed	wiki/Global-Item-Materialization-and-Solvability.md		External cache dependency can break cross-stage materialization
RES-021	ROM-Overlay-and-Resource-Map.md	Resource-record storage forms	native path calls `0x8000322C`	Stock global code	Static-confirmed	ghidra-confirmed	analysis/functions.tsv	0x8000322C	Native embedded image dispatcher handles compressed type
RES-022	ROM-Overlay-and-Resource-Map.md	Resource-record storage forms	uses a 1024-byte ring buffer	Stock global code	Static-confirmed	ghidra-confirmed	analysis/functions.tsv	0x80003428	Type-4 decoder uses 1KiB ring and distinct MSB-first control/token streams
RES-023	ROM-Overlay-and-Resource-Map.md	Resource-record storage forms	`low6 + 2`	Decoder detail	Static-confirmed	wiki-or-sidecar-routed	wiki/ROM-Overlay-and-Resource-Map.md		Native type-4 back-reference run length is inclusive low6+2
RES-024	ROM-Overlay-and-Resource-Map.md	Title resource packaging — global file `0x5E`	decodes to `0x61494` bytes	Retail package data	Static-confirmed	wiki-or-sidecar-routed	wiki/ROM-Overlay-and-Resource-Map.md		Title resource flag1 and decoded length 0x61494
RES-025	ROM-Overlay-and-Resource-Map.md	Title resource packaging — global file `0x5E`	byte-exact stock decode/re-encode	Resource compression proof	Static-confirmed	wiki-or-sidecar-routed	wiki/ROM-Overlay-and-Resource-Map.md		Title uses MSB-first LZW and byte-exact original-size re-encode
RES-026	ROM-Overlay-and-Resource-Map.md	Title resource packaging — global file `0x5E`	data-only	Production resource policy	Implementation/CI-confirmed	wiki-or-sidecar-routed	wiki/Presentation-and-Branding.md		Approved title processing edits CI8 image in original package, not an executable cave
RES-027	ROM-Overlay-and-Resource-Map.md	Title resource packaging — global file `0x5E`	palette descriptor is at ROM `0x000B3360`	Stock ROM data	Static-confirmed	known-in-wiki-unlinked			Stock title palette descriptor ROM 0xB3360 and 256-entry palette ROM 0xB3364 lack indexed data bookmark
RES-028	ROM-Overlay-and-Resource-Map.md	Overlay identity rules	common runtime address region	Stage scope rule	Static-confirmed	ghidra-confirmed	analysis/overlays.tsv	overlay_temple	Same overlay VA range reused; Ghidra stage scope is mandatory
RES-029	ROM-Overlay-and-Resource-Map.md	Overlay identity rules	| Temple | `0xA0`	Overlay temple	Static-confirmed	ghidra-confirmed	analysis/overlays.tsv	overlay_temple	Temple overlay file A0, ROM CA510..CF160, includes scripted Map
RES-030	ROM-Overlay-and-Resource-Map.md	Overlay identity rules	| Wind | `0xA2`	Overlay wind	Static-confirmed	ghidra-confirmed	analysis/overlays.tsv	overlay_wind	Wind overlay file A2, ROM CF160..D8B90
RES-031	ROM-Overlay-and-Resource-Map.md	Overlay identity rules	| Water | `0xA1`	Overlay water	Static-confirmed	ghidra-confirmed	analysis/overlays.tsv	overlay_water	Water overlay file A1, ROM B4FC0..BAF60
RES-032	ROM-Overlay-and-Resource-Map.md	Overlay identity rules	| Fire | `0x9D`	Overlay fire	Static-confirmed	ghidra-confirmed	analysis/overlays.tsv	overlay_fire	Fire overlay file 9D, ROM E1B80..E6610; Stage-7 debug use not normal Fire identity
RES-033	ROM-Overlay-and-Resource-Map.md	Overlay identity rules	| Earth | `0x9C`	Overlay earth	Static-confirmed	ghidra-confirmed	analysis/overlays.tsv	overlay_earth	Earth overlay file 9C, ROM D8B90..E1B80
RES-034	ROM-Overlay-and-Resource-Map.md	Overlay identity rules	| Prison | `0x9F`	Overlay prison	Static-confirmed	ghidra-confirmed	analysis/overlays.tsv	overlay_prison	Prison overlay file 9F, ROM C4C70..CA510; file A2 is Wind not Prison
RES-035	ROM-Overlay-and-Resource-Map.md	Overlay identity rules	| Bridge | `0x9B`	Overlay bridge	Static-confirmed	ghidra-confirmed	analysis/overlays.tsv	overlay_bridge	Bridge overlay file 9B, ROM BAF60..C0330
RES-036	ROM-Overlay-and-Resource-Map.md	Overlay identity rules	| Fortress | `0x9E`	Overlay fortress	Static-confirmed	ghidra-confirmed	analysis/overlays.tsv	overlay_fortress	Fortress overlay file 9E, ROM C0330..C4C70
RES-037	ROM-Overlay-and-Resource-Map.md	Overlay identity rules	A function observed at a VA in one stage	Stage scope rule	Static-confirmed	ghidra-confirmed	analysis/overlays.tsv	overlay_prison	Overlapping overlay VAs cannot establish global function identity
RES-038	ROM-Overlay-and-Resource-Map.md	Allocation and materialization boundaries	A successful disposable resource relocation does not reserve	ROM ownership constraint	Static-confirmed	wiki-or-sidecar-routed	wiki/Memory-and-Allocation-Map.md		Proof relocation does not establish production-safe storage
RES-039	ROM-Overlay-and-Resource-Map.md	Allocation and materialization boundaries	Dynamic stage resource allocations do not imply	Runtime allocation boundary	Static-confirmed	wiki-or-sidecar-routed	wiki/Memory-and-Allocation-Map.md		Dynamic resource loading does not prove reusable fixed RDRAM interval
RES-040	ROM-Overlay-and-Resource-Map.md	Allocation and materialization boundaries	requires explicit bounded backing storage	Production integration constraint	Static-confirmed	wiki-or-sidecar-routed	wiki/Memory-and-Allocation-Map.md		Appending resource selector/descriptor requires explicit owned storage/updated file table
RES-041	ROM-Overlay-and-Resource-Map.md	Resource-system invariants	External resource IDs are context-dependent	Resource safety invariant	Static-confirmed	wiki-or-sidecar-routed	wiki/ROM-Overlay-and-Resource-Map.md		External resource ID portability cannot be assumed from a number
RES-042	ROM-Overlay-and-Resource-Map.md	Resource-system invariants	Overlay VAs require stage/source identity	Stage scope rule	Static-confirmed	ghidra-confirmed	analysis/overlays.tsv	overlay_fortress	Every overlay code identity must bind stage, source and ROM mapping
