fact_id	domain	wiki_anchor	canonical_behavior	evidence	scope	reproduction_boundary	owner_page	source_blob_sha
PERS-001	pickup bitset	Production state V2 lives at	MKSV 0x801AF7D0..0x801AF81F: one u32 pickup bitset per main stage	Static-confirmed	stock/production	Temple scripted check is independent	Persistence-Inventory-and-Lifecycle.md	54a70762796dc0970510ae6e1cd28220173e711a
PERS-002	capture boundary	Capture hooks the collected-flag store at	0x80039418 captured collection: a1 record pointer; s2 manager ordinal	Static-confirmed	stock hook	Ordinal may not equal catalog bit in Fire	Persistence-Inventory-and-Lifecycle.md	54a70762796dc0970510ae6e1cd28220173e711a
PERS-003	restore boundary	Restore hooks `0x80038ACC`	Restore collected bits before first record +0x2C read; current controller 0x802ECE20 holds +0x6F4 count, +0x6F8 base	Static-confirmed	stock hook	Do not treat current-controller pointer as a persistent manager	Persistence-Inventory-and-Lifecycle.md	54a70762796dc0970510ae6e1cd28220173e711a
PERS-004	Fire ordinals	Fire has 19 manager entries for 16 ordinary records	Fire ordinal map 2,5,4,FF,FF,FF,9,14,0,1,8,11,12,3,7,6,10,13,15	Static-confirmed	Fire-specific	Three FF special type-4 entries never enter ordinary bitset	Persistence-Inventory-and-Lifecycle.md	54a70762796dc0970510ae6e1cd28220173e711a
PERS-005	progression state	state `+0x40` stores the number of progression rewards	MKSV progression reward counter +0x40 and XP +0x44 are separate from pickup bitsets	Static-confirmed; Runtime-confirmed bounded	production state	XP 258/two powers observed on bounded route	Persistence-Inventory-and-Lifecycle.md	54a70762796dc0970510ae6e1cd28220173e711a
PERS-006	Powers OFF	Powers-as-pickups OFF correction	Powers-OFF saves stock earned XP to +0x44 at five v06 teardown seams, restores at safe stage-init without tier evaluator	Runtime-confirmed bounded	production lifecycle	Powers-ON and stock XP gain remain unchanged	Persistence-Inventory-and-Lifecycle.md	54a70762796dc0970510ae6e1cd28220173e711a
PERS-007	four-box storage	Four backing arrays are authoritative	0x800A600C LIVE ten-word window; authoritative boxes are four 10-word arrays in 0x800A6048..0x800A60E7	Static-confirmed; Runtime-confirmed bounded	production inventory	No automatic spill	Persistence-Inventory-and-Lifecycle.md	54a70762796dc0970510ae6e1cd28220173e711a
PERS-008	four-box marker	Magic `MKBX` at `0x800A60EC`	MKBX initialization marker and active-box index at 0x800A60E8; preserve other durable bits	Static-confirmed	production inventory	Not another allocation	Persistence-Inventory-and-Lifecycle.md	54a70762796dc0970510ae6e1cd28220173e711a
PERS-009	cross-box credentials	Fire/Bridge gate proof closure	Fire 0x17..0x19 and Bridge 0x1D..0x1F all-three test scans 40 backing words, not LIVE ten words	Runtime-confirmed bounded	production gate	Proof bypassed stock physical use-site predicate; paired absent-item control failed	Persistence-Inventory-and-Lifecycle.md	54a70762796dc0970510ae6e1cd28220173e711a
PERS-010	gameplay switching	hook reads normalized semantic action state at `0x800BF2EE`	Block+Use+Left/Right normal semantic action latch cycles boxes outside Inventory	Runtime-confirmed bounded	production input	Respects remaps; no repeats while held	Persistence-Inventory-and-Lifecycle.md	54a70762796dc0970510ae6e1cd28220173e711a
PERS-011	Inventory switching	Inside Inventory, Items mode now uses Left/Right directly	Inside Inventory save filtered LIVE, change active bits, masked rebuild, reset selection/Combine without closing; Power mode remains stock	Runtime-confirmed bounded	production inventory	Allows empty boxes	Persistence-Inventory-and-Lifecycle.md	54a70762796dc0970510ae6e1cd28220173e711a
PERS-012	foreign key masking	foreign-stage IDs `0x0D..0x22`	Foreign credentials are inert SEALED item 0x08 in LIVE while original backing item is unchanged	Static-confirmed; Runtime-confirmed bounded	production masking	Consumable Tablet 0x24 was rejected	Persistence-Inventory-and-Lifecycle.md	54a70762796dc0970510ae6e1cd28220173e711a
PERS-013	acquisition masking	Disposable v02 added one bounded ordinary-pickup post-callback composition	Post-award save/reconstruct masks foreign item immediately in Fire; real Wind identity restored in Wind	Runtime-confirmed bounded	bounded proof	Do not treat disposable hook as automatically production-approved	Persistence-Inventory-and-Lifecycle.md	54a70762796dc0970510ae6e1cd28220173e711a
PERS-014	key use	Native key items are **not consumed by normal use**	Native key use is not consumptive; any later stage-cleanup is separate	Static-confirmed	stock key semantics	Do not infer removal at use	Persistence-Inventory-and-Lifecycle.md	54a70762796dc0970510ae6e1cd28220173e711a
PERS-015	inventory commit	stock sanitizer at `0x8007AD00`	Fixed-size stage masked copy replaces sanitizer; filtered LIVE->backing at 0x8007AD4C, masked LIVE rebuilding via 0x80099B14	Static-confirmed; Implementation-confirmed	production hooks	Do not overwrite hidden foreign credentials with SEALED	Persistence-Inventory-and-Lifecycle.md	54a70762796dc0970510ae6e1cd28220173e711a
PERS-016	title boundary	Title-menu START was the destructive live-window boundary	Intercept destructive title START stock LIVE clear; suppress only selector-triggered immediate stage-entry save	Static-confirmed; Implementation-confirmed	production boundaries	Normal save path preserved	Persistence-Inventory-and-Lifecycle.md	54a70762796dc0970510ae6e1cd28220173e711a
PERS-017	XP run reentry	Runtime-confirmed on seed `BCBDBF`	XP 258 and two move tiers survive Temple->Wind and title->Fire on seed BCBDBF	Runtime-confirmed bounded	production proof	Not all tiers/seeds	Persistence-Inventory-and-Lifecycle.md	54a70762796dc0970510ae6e1cd28220173e711a
PERS-018	rejected life floor	v04 lives floor	v04 repeatedly restored lives after stock decrement, fabricating a life floor; rejected proof bug	Rejected / failed; Static-confirmed	historical rejection	Not a stock minimum-lives mechanic	Persistence-Inventory-and-Lifecycle.md	54a70762796dc0970510ae6e1cd28220173e711a
PERS-019	v05 HP problem	HP alone was still overwritten to 166	v05 damaged HP restore was overwritten by later native 0x8002EE44 constructor write	Runtime-confirmed bounded; Static-confirmed	historical failure	v05 accepted for other tested resources, not damaged HP	Persistence-Inventory-and-Lifecycle.md	54a70762796dc0970510ae6e1cd28220173e711a
PERS-020	v06 HP rule	v06 NOPs only that redundant second full-HP store	v06 disables stock 0x8002EE44 second HP write for living reentry; new game/death/Continue still full HP	Runtime-confirmed bounded	production baseline	HP OFF deliberately retains the stock write	Persistence-Inventory-and-Lifecycle.md	54a70762796dc0970510ae6e1cd28220173e711a
PERS-021	true Game Over	final reset is guarded at ROM `0x367B4`	Reset guarded by zero lives, nonpositive signed continues, real-run terminal context; preserve GAME SETTINGS bits	Runtime-confirmed bounded; Static-confirmed	production reset	Defaults Very Hard/5/3; runtime v06 reference used Very Hard/9/5	Persistence-Inventory-and-Lifecycle.md	54a70762796dc0970510ae6e1cd28220173e711a
PERS-022	Temple special check	MKSV header flags bit `0x0001`	Temple check uses MKSV header flag mask 0x0001; restore 0x8026E9A4=0x100 without respawning/re-awarding and keep elevator progression	Runtime-confirmed bounded	temple special	Separate from 84 ordinary pickup bits and Map logical item excluded	Persistence-Inventory-and-Lifecycle.md	54a70762796dc0970510ae6e1cd28220173e711a
