region_id	space	segments	segment_count	start	end_exclusive	aliases	classification	owner	scope	lifecycle	evidence	production_safe	guard_or_reference	notes	source_page	source_blob_sha	source_line
rom.production.safe_selector_move_helper	rom	0x0000E27C:0x0000E2B0	1	0x0000E27C	0x0000E2B0		production	Safe Stage Select movement-SFX helper	Global frontend code	Native selector frontend	Runtime-confirmed v03a; Static-confirmed clean unreachable compiler epilogue and no direct branch/jump/JAL targets into span; implementation guards exact clean bytes	yes	stage_selector.py; [Patch-site registry](Address-and-Patch-Site-Registry)	Plays only title MOVE descriptor 0x1FC for valid Up/Down edges. Does not own or imply a confirmation hook. Rejected v01/v02 confirmation experiments must not be composed into this owner.	Memory-and-Allocation-Map.md	6eb0c7fb28a4eca7d1171d9b37dd7b7db3f21d80	111
rom.production.inventory_action_cave	rom	0x0008F6E8:0x0008F750	1	0x0008F6E8	0x0008F750		production	Four-box action routine	Global code	Gameplay	Runtime-confirmed behavior; Implementation/CI-confirmed bounds	yes	inventory_boxes.py; [Patch-site registry](Address-and-Patch-Site-Registry)	Historical Prison-key callback entered at 0x8F6EC; proof body is not a reusable allocation.	Memory-and-Allocation-Map.md	6eb0c7fb28a4eca7d1171d9b37dd7b7db3f21d80	112
rom.production.inventory_helper_cave	rom	0x0009A6C8:0x0009A758	1	0x0009A6C8	0x0009A758		production	Four-box switch/mask helper composition	Global code	Gameplay / transition	Runtime-confirmed behavior; Implementation/CI-confirmed 0x90 reservation	yes	inventory_boxes.py; tests assert SELECTOR_CAVE_SIZE == 0x90	Toasty visual v06 used [0x9A720,0x9A754) and is rejected for that route; this tail is now production-owned.	Memory-and-Allocation-Map.md	6eb0c7fb28a4eca7d1171d9b37dd7b7db3f21d80	113
rom.production.bootstrap_composite	rom	0x0009AD84:0x0009AF20	1	0x0009AD84	0x0009AF20		production	Native bootstrap + pickup persistence + relocated selector/flow data	Global code/data	Stage init / gameplay	Runtime-confirmed composition; Implementation/CI-confirmed capacity 0x19C	yes	native_payload.py, pickup_persistence.py, inventory_boxes.py, flow_bypass.py	Conflicts with rejected title wrapper at 0x9ADE0 and Sektor v62 proof record [0x9AD90,0x9ADA0). Final four bytes are reserved capacity, not free.	Memory-and-Allocation-Map.md	6eb0c7fb28a4eca7d1171d9b37dd7b7db3f21d80	114
rom.production.shared_file_entry_1a	rom	0x000A5148:0x000A5154	1	0x000A5148	0x000A5154		production	Shared TURN/controls/Toasty expansion file-table entry 0x1A	Global file table	Stage init	TURN production composition Runtime-confirmed; CI guards/bounds	yes	game_settings_turn.py, toasty.py	TURN owns the mandatory prefix; controls occupy the low extension and optional Toasty the high extension. Frontend does not load this file.	Memory-and-Allocation-Map.md	6eb0c7fb28a4eca7d1171d9b37dd7b7db3f21d80	115
rom.production.turn_shared_prefix	rom	0x00F68000:0x00F68404	1	0x00F68000	0x00F68404		production	TURN native control module / shared file-0x1A prefix	Global high ROM	Stage init / gameplay	Runtime-confirmed production composition; CI-confirmed 0x404-byte module	yes	game_settings_turn.py, tests/test_game_settings_turn.py	Mandatory prefix of shared file 0x1A. Padding through Toasty source offset remains reserved by the shared transport when Toasty is present.	Memory-and-Allocation-Map.md	6eb0c7fb28a4eca7d1171d9b37dd7b7db3f21d80	116
rom.production.controls_extension	rom	0x00F68410:0x00F69060	1	0x00F68410	0x00F69060		production	Guarded modern Attack/Specials/Jump/Run helpers; loaded file-0x1A extension	Global high ROM	Stage init / gameplay	Runtime-confirmed in accepted v02 composition; builder parity confirmed	yes	controls_production.py	Helpers start at runtime 0x801AFC30 and end below 0x801B0880; ROM alignment gaps remain inside the shared file.	Memory-and-Allocation-Map.md	6eb0c7fb28a4eca7d1171d9b37dd7b7db3f21d80	117
rom.production.rainbow_loader_wrapper	rom	0x00F69060:0x00F690B8	1	0x00F69060	0x00F690B8		production	Optional compact-rainbow file-0x87 loader wrapper in shared file 0x1A	Global high ROM	Stage resource load	Runtime-confirmed by compact-tail all-stage proof; CI guards/bounds	conditional	rainbow_palette.py; [Patch-site registry](Address-and-Patch-Site-Registry)	Runtime mirror is [0x801B0880,0x801B08D8); wrapper extends file 0x1A only when needed and remains below the Temple special-check module.	Memory-and-Allocation-Map.md	6eb0c7fb28a4eca7d1171d9b37dd7b7db3f21d80	118
rom.production.temple_special_check	rom	0x00F690C0:0x00F69150	1	0x00F690C0	0x00F69150		production	Temple scripted-check re-entry + award helpers in shared file 0x1A	Global high ROM	Temple gameplay / re-entry	v02 Runtime-confirmed mechanism; branch integration guarded by CI	yes	temple_special_check.py, tests/test_temple_special_check.py	Runtime mirror [0x801B08E0,0x801B0970); deliberately starts after the optional rainbow wrapper and ends 0x690 bytes before Toasty.	Memory-and-Allocation-Map.md	6eb0c7fb28a4eca7d1171d9b37dd7b7db3f21d80	119
rom.production.toasty_module	rom	0x00F697E0:0x00F6A912	1	0x00F697E0	0x00F6A912		production	Packed Toasty code/TLUT/tables/state/native RLE decoder + compressed CI4 source	Global high ROM	Stage init / gameplay	Compact proof v01 Runtime-confirmed; CI guards/bounds	conditional	toasty.py, toasty_codegen.py, tests/test_toasty.py	Runtime mirror starts at 0x801B1000. The following ROM gap before the fixed Toasty audio sample is not promoted to confirmed-free.	Memory-and-Allocation-Map.md	6eb0c7fb28a4eca7d1171d9b37dd7b7db3f21d80	120
rom.production.progression_flash	rom	0x00F6A940:0x00F6AAF0	1	0x00F6A940	0x00F6AAF0		production	128-byte stock-eel white palette + nonblocking Power Upgrade flash helper + 4-byte active flag	Global high ROM / shared file 0x1A	Pickup progression feedback	v23 Runtime-confirmed architecture; production relocation guarded/tested	conditional on Powers as pickups	progression_presentation.py, tests/test_progression_presentation.py	Runtime mirror [0x801B2160,0x801B2310). Helper [0x801B21E0,0x801B230C); flag word 0x801B230C. Allocation size/end unchanged; no overlap with materializer/Toasty.	Memory-and-Allocation-Map.md	6eb0c7fb28a4eca7d1171d9b37dd7b7db3f21d80	121
rom.production.global_materializer_helper	rom	0x00F6AAF0:0x00F6B0D0	1	0x00F6AAF0	0x00F6B0D0		production	Global destination-aware award / re-mask / Prison reconstruction helper in shared file 0x1A	Global high ROM / shared file 0x1A	Pickup award / stage-state composition	Wrapper semantics Runtime-confirmed bounded; relocated composition Implementation/CI-confirmed pending representative runtime	yes	global_materialization.py, tests/test_global_materialization.py	Runtime mirror [0x801B2310,0x801B28F0). Anchored immediately after progression flash and ends 0x500 bytes before fixed Toasty audio at 0xF6B5D0. Supersedes overlapping [0xF6B140,0xF6B6A0).	Memory-and-Allocation-Map.md	6eb0c7fb28a4eca7d1171d9b37dd7b7db3f21d80	122
rom.production.inventory_hud_runtime	rom	0x00F6B0D0:0x00F6B5D0	1	0x00F6B0D0	0x00F6B5D0		production	Native randomizer Inventory HUD helpers/state in shared file 0x1A	Global high ROM / shared file 0x1A	Inventory render/open	v21 Runtime-confirmed proof architecture; production guards/tests	global output	inventory_hud.py, tests/test_inventory_hud.py	Runtime mirror [0x801B28F0,0x801B2DF0); fills the exact former materializer→Toasty gap and ends at fixed Toasty audio ROM start.	Memory-and-Allocation-Map.md	6eb0c7fb28a4eca7d1171d9b37dd7b7db3f21d80	123
rom.production.inventory_hud_portraits	rom	0x01800000:0x01808DC0	1	0x01800000	0x01808DC0		generated-output	21 clean-ROM-derived 36×48 CI8 credential portrait payloads	32 MiB generated output	Inventory selected-item preview	v21 Runtime-confirmed proof architecture; build-time extraction/guards	global output	inventory_hud.py	No ROM-derived asset bytes are stored in source.	Memory-and-Allocation-Map.md	6eb0c7fb28a4eca7d1171d9b37dd7b7db3f21d80	124
rom.production.inventory_hud_common_package	rom	0x01809000:0x01814000	1	0x01809000	0x01814000		generated-output	Relocated common file 0x5D with one shared sprite 0x46C	32 MiB generated output	Inventory portrait carrier	package append/LZW round-trip guarded	global output	inventory_hud.py	Actual compressed end is build-derived and must remain below 0x01814000.	Memory-and-Allocation-Map.md	6eb0c7fb28a4eca7d1171d9b37dd7b7db3f21d80	125
rom.production.inventory_hud_data	rom	0x01814000:0x01815200	1	0x01814000	0x01815200		generated-output	Labels, real titles, stage table, recolored font descriptors and status strings	32 MiB generated output	Inventory render	v21 Runtime-confirmed proof architecture; fixed-size guard	global output	inventory_hud.py	Lazily DMA-loaded into one exact 0x1200-byte arena allocation per stage lifecycle.	Memory-and-Allocation-Map.md	6eb0c7fb28a4eca7d1171d9b37dd7b7db3f21d80	126
rom.production.inventory_menu_switch_transport	rom	0x01816000:0x01819C00	1	0x01816000	0x01819C00		generated-output	Relocated final shared file 0x1A plus in-Inventory switch and native legend modules	32 MiB generated output	Stage init / Inventory navigation/presentation	switch v03 + legend v01 Runtime-confirmed bounded; implementation guards exact prefix, FF capacity, file entry and emitted bounds	yes	inventory_menu_switch.py, inventory_legend.py, focused tests	Runtime prefix 0x35D0 + switch 0x154 + 0x0C alignment + legend 0x196; legend begins ROM 0x01819730 / K0 0x801B2F50. Remaining capacity stays owner-reserved, not free.	Memory-and-Allocation-Map.md	6eb0c7fb28a4eca7d1171d9b37dd7b7db3f21d80	127
rom.production.toasty_audio_sample	rom	0x00F6B5D0:0x00F6BDE6	1	0x00F6B5D0	0x00F6BDE6		production	Confirmed MKT Toasty encoded sample	Global high ROM	Gameplay audio	Runtime-confirmed in TURN+Toasty production composition	conditional	toasty.py	Donor bytes are supplied at build time and are not stored in the repository.	Memory-and-Allocation-Map.md	6eb0c7fb28a4eca7d1171d9b37dd7b7db3f21d80	128
rom.production.temple_intro_audio_sample	rom	0x00F6BDF0:0x00F6D810	1	0x00F6BDF0	0x00F6D810		production	One seed-selected MKT Temple-intro encoded sample; maximum reserved size 0x1A20	Global high ROM	Temple intro	**Runtime-confirmed bounded production composition** in v06; static/CI guards cover reservation and overlap checks	conditional	temple_intro_audio.py	Enabled only with valid MKT Rev. 2 donor. Clean supported ROM is FF throughout the reservation and file-table overlap is guarded. v06 seed TEMPLE-PROD-CARRIER selected Friendship and played correctly; only the selected sample is written.	Memory-and-Allocation-Map.md	6eb0c7fb28a4eca7d1171d9b37dd7b7db3f21d80	129
rom.stock.false_zero_cave	rom	0x000A1308:0x000A1544	1	0x000A1308	0x000A1544		stock-known	Stock action/dispatch record area	Global stock data	Gameplay/input dispatch	Static-confirmed; Runtime-confirmed failure/correction in Sektor v08	no	[Core runtime](Core-Runtime-and-Address-Database); [MKT compatibility](MKT-to-MKMSZ-Compatibility-Layer)	**Required negative example:** zero-filled semantic records were mistaken for a cave; overwriting them caused input-specific hangs.	Memory-and-Allocation-Map.md	6eb0c7fb28a4eca7d1171d9b37dd7b7db3f21d80	130
rom.production.file_entry_1b	rom	0x000A5154:0x000A5160	1	0x000A5154	0x000A5160		production	Global file-table entry 0x1B	Global file table	Stage init	Runtime-confirmed load/execute; Implementation/CI-confirmed guard	yes	addresses.py, native_payload.py	Points to current payload source [0xF10000,0xF10300).	Memory-and-Allocation-Map.md	6eb0c7fb28a4eca7d1171d9b37dd7b7db3f21d80	131
rom.production.file_entry_5e	rom	0x000A5478:0x000A5484	1	0x000A5478	0x000A5484		production	Global file-table entry 0x5E	Global file table	Frontend/title	Earlier title route Runtime-confirmed; new end-pointer update Static/implementation-confirmed, runtime Pending	yes	title_branding.py; [ROM/overlay/resource map](ROM-Overlay-and-Resource-Map)	Keeps stock start/flag; updates the end pointer to the in-place compressed package length.	Memory-and-Allocation-Map.md	6eb0c7fb28a4eca7d1171d9b37dd7b7db3f21d80	132
rom.production.key_stage_table	rom	0x000A6BE4:0x000A6C0C	1	0x000A6BE4	0x000A6C0C		production	Four-box key-to-stage map	Global data	Gameplay / transition	Runtime-confirmed masking behavior; Implementation/CI-confirmed 40-byte table	yes	inventory_boxes.py	Reuses the obsolete stock default-inventory template after loader replacement.	Memory-and-Allocation-Map.md	6eb0c7fb28a4eca7d1171d9b37dd7b7db3f21d80	133
rom.production.live_inventory_initializer	rom	0x000A6C0C:0x000A6C34	1	0x000A6C0C	0x000A6C34		production	Ten-word live-inventory initializer	Global data	Run init / inventory	Runtime-confirmed four-box system; Implementation/CI-confirmed 40 bytes	yes	inventory_boxes.py	Runtime authoritative live window is mapped separately in RDRAM.	Memory-and-Allocation-Map.md	6eb0c7fb28a4eca7d1171d9b37dd7b7db3f21d80	134
rom.production.four_box_data	rom	0x000A6C48:0x000A6CF0	1	0x000A6C48	0x000A6CF0		production	Four backing boxes + state + MKBX magic	Global data	Run init / gameplay / transition	Runtime-confirmed boxes; Implementation/CI-confirmed 0xA8 bytes	yes	inventory_boxes.py; tests assert exact size	Gap [0xA6C34,0xA6C48) is deliberately **unknown**, not absorbed into this owner.	Memory-and-Allocation-Map.md	6eb0c7fb28a4eca7d1171d9b37dd7b7db3f21d80	135
rom.stock.xp_cap_table	rom	0x000A6FFC:0x000A7010	1	0x000A6FFC	0x000A7010		stock-known	Signed XP-cap halfword table	Global data	Gameplay	Static-confirmed table; current main-stage edits Implementation/CI-confirmed	conditional	addresses.py, xp_progression.py	Current production changes only native stage IDs 0,1,2,3,4,5,8,9; the bounded stock table remains protected as a whole.	Memory-and-Allocation-Map.md	6eb0c7fb28a4eca7d1171d9b37dd7b7db3f21d80	136
rom.production.boot_branding_text	rom	0x000AF998:0x000AFA24	1	0x000AF998	0x000AFA24		production	MKMSZR legal/boot branding strings	Frontend	Boot/legal screen	Runtime-confirmed	yes	boot_branding.py exact bounds and guards	Adjacent to, but distinct from, HUD wrapper allocation.	Memory-and-Allocation-Map.md	6eb0c7fb28a4eca7d1171d9b37dd7b7db3f21d80	137
rom.production.box_indicator	rom	0x000AFA24:0x000AFA98	1	0x000AFA24	0x000AFA98		production	Native BOX n OF 4 wrapper + text	Global code/data	Gameplay HUD	Runtime-confirmed	yes	box_indicator.py exact 0x74-byte region	Entire region is owned even where emitted bytes are zero padding.	Memory-and-Allocation-Map.md	6eb0c7fb28a4eca7d1171d9b37dd7b7db3f21d80	138
rom.production.license_text	rom	0x000AFA98:0x000AFABC	1	0x000AFA98	0x000AFABC		production	MKMSZR license line	Frontend	Boot/legal screen	Runtime-confirmed	yes	boot_branding.py exact bounds and guard	Do not merge trailing bytes outside 0xAFABC without evidence.	Memory-and-Allocation-Map.md	6eb0c7fb28a4eca7d1171d9b37dd7b7db3f21d80	139
rom.stock.stage_resource.bridge	rom	0x00296140:0x0029A470	1	0x00296140	0x0029A470		stock-known	Bridge stage resource file	Stage 8 resource	Bridge load/gameplay	Static-confirmed; runtime base matched	no	[ROM/overlay/resource map](ROM-Overlay-and-Resource-Map)	Resource ownership does not make unused-looking selector/data bytes free.	Memory-and-Allocation-Map.md	6eb0c7fb28a4eca7d1171d9b37dd7b7db3f21d80	140
rom.stock.stage_resource.fire	rom	0x00388260:0x0038A790	1	0x00388260	0x0038A790		stock-known	Fire stage resource file	Stage 5 resource	Fire load/gameplay	Static-confirmed; runtime base matched	no	[ROM/overlay/resource map](ROM-Overlay-and-Resource-Map)	A separate disposable proof relocation exists below.	Memory-and-Allocation-Map.md	6eb0c7fb28a4eca7d1171d9b37dd7b7db3f21d80	141
rom.stock.stage_resource.fortress	rom	0x003B9700:0x003BCD20	1	0x003B9700	0x003BCD20		stock-known	Fortress stage resource file	Stage 9 resource	Fortress load/gameplay	Static-confirmed; runtime base matched	no	[ROM/overlay/resource map](ROM-Overlay-and-Resource-Map)	No gap/capacity inference is made.	Memory-and-Allocation-Map.md	6eb0c7fb28a4eca7d1171d9b37dd7b7db3f21d80	142
rom.stock.stage_resource.prison	rom	0x0041C680:0x00420F70	1	0x0041C680	0x00420F70		stock-known	Prison stage resource file	Stage 4 resource	Prison load/gameplay	Static-confirmed; runtime base matched	no	[ROM/overlay/resource map](ROM-Overlay-and-Resource-Map)	Extension-selector proofs relocate/expand a copy; stock bytes remain protected.	Memory-and-Allocation-Map.md	6eb0c7fb28a4eca7d1171d9b37dd7b7db3f21d80	143
rom.production.file_5e_title	rom	0x004E3060:0x00512440	1	0x004E3060	0x00512440		production	In-place compressed title package, file 0x5E; trailing stock bytes retained	Frontend/title resource	Title load	New typeset image Static/implementation-confirmed; runtime Pending	yes	title_branding.py clean-package SHA-256 guard; [ROM/overlay/resource map](ROM-Overlay-and-Resource-Map)	Migrated from rom.stock.file_5e_title: generated SUB-ZERO end is 0x0051058E (size 0x2D52E); [0x0051058E,0x00512440) remains protected stock tail, not free.	Memory-and-Allocation-Map.md	6eb0c7fb28a4eca7d1171d9b37dd7b7db3f21d80	144
rom.stock.stage_resource.temple	rom	0x00513710:0x00523370	1	0x00513710	0x00523370		stock-known	Temple stage resource file	Stage 0 resource	Temple load/gameplay	Static-confirmed; runtime base matched	no	[ROM/overlay/resource map](ROM-Overlay-and-Resource-Map)	No gap/capacity inference is made.	Memory-and-Allocation-Map.md	6eb0c7fb28a4eca7d1171d9b37dd7b7db3f21d80	145
rom.stock.stage_resource.water	rom	0x00611780:0x00617C60	1	0x00611780	0x00617C60		stock-known	Water stage resource file	Stage 2 resource	Water load/gameplay	Static-confirmed; runtime base matched	no	[ROM/overlay/resource map](ROM-Overlay-and-Resource-Map)	No gap/capacity inference is made.	Memory-and-Allocation-Map.md	6eb0c7fb28a4eca7d1171d9b37dd7b7db3f21d80	146
rom.stock.stage_resource.wind	rom	0x00698680:0x0069A820	1	0x00698680	0x0069A820		stock-known	Wind stage resource file	Stage 1 resource	Wind load/gameplay	Static-confirmed; runtime base matched	no	[ROM/overlay/resource map](ROM-Overlay-and-Resource-Map)	No gap/capacity inference is made.	Memory-and-Allocation-Map.md	6eb0c7fb28a4eca7d1171d9b37dd7b7db3f21d80	147
rom.stock.stage_resource.earth_pickups	rom	0x00305A30:0x0030AA00	1	0x00305A30	0x0030AA00		stock-known	Earth ordinary-pickup resource, global file 0x30	Stage 3 ordinary pickup visuals	Earth load/gameplay	Static-confirmed from file table and stage setup; cross-stage use Runtime-confirmed in TEST LAB v38	no	[Stage catalog — Earth](Stage-Catalog-Earth)	Stage setup publishes its allocation through 0x802E82B8. Empty selectors are logical capacity only.	Memory-and-Allocation-Map.md	6eb0c7fb28a4eca7d1171d9b37dd7b7db3f21d80	148
rom.stock.file_88_monk1	rom	0x006BAEC0:0x006DD470	1	0x006BAEC0	0x006DD470		stock-known	Earth MONK1 fighter resource, global file 0x88	Fighter type 0x00	Earth enemy construction/gameplay	Static-confirmed; prior live capture matched this file at 0x802434B8	no	[Enemy randomization](Enemy-Randomization), [Stage catalog — Earth](Stage-Catalog-Earth)	Supersedes the former mislabel as Earth ordinary-pickup resource. Do not use selectors from this file as pickup visuals.	Memory-and-Allocation-Map.md	6eb0c7fb28a4eca7d1171d9b37dd7b7db3f21d80	149
rom.stock.file_87_subzero	rom	0x00748920:0x0078E300	1	0x00748920	0x0078E300		stock-known	Stock Sub-Zero fighter resource, file 0x87	Global fighter resource	Gameplay	Static-confirmed; repeatedly used as donor-proof baseline	no	[Sektor mapping](Sub-Zero-to-Sektor-Animation-Mapping)	Optional outfit recolor edits a guarded palette subset inside this owned file; that does not make other bytes free.	Memory-and-Allocation-Map.md	6eb0c7fb28a4eca7d1171d9b37dd7b7db3f21d80	150
rom.production.lifecycle_v06	rom	0x00F69240:0x00F697D4	1	0x00F69240	0x00F697D4		production	Runtime-confirmed lifecycle v06 helper blob in shared file 0x1A	Global lifecycle code	Pause Quit / death / reconstruction / stage completion / constructor / Game Over	Runtime-confirmed bounded v06; Implementation/CI-confirmed exact 0x594-byte blob	yes	run_lifecycle.py; [Persistence/inventory/lifecycle](Persistence-Inventory-and-Lifecycle)	Runtime aliases KSEG0 [0x801B0A60,0x801B0FF4), KSEG1 [0xA01B0A60,0xA01B0FF4); starts exactly after materializer helper and ends 12 bytes before Toasty.	Memory-and-Allocation-Map.md	6eb0c7fb28a4eca7d1171d9b37dd7b7db3f21d80	151
rom.production.payload_source	rom	0x00F10000:0x00F103B0	1	0x00F10000	0x00F103B0		production	MKMSZR Runtime V2 reloadable code payload	Generated ROM output	Stage init reload; runtime code	Runtime-confirmed through the rainbow full-composition proof; Implementation/CI-confirmed exactly 0x3B0 bytes	yes	native_payload.py, runtime_v2.py, xp_progression.py, rainbow_palette.py	File 0x1B points here. Source bytes being FF in the clean ROM are only a guard, not the reason this ownership is accepted.	Memory-and-Allocation-Map.md	6eb0c7fb28a4eca7d1171d9b37dd7b7db3f21d80	152
rom.production.rainbow_bank	rom	0x00F20000:0x00F22000	1	0x00F20000	0x00F22000		production	Optional 64-phase rainbow palette bank, raw file 0x92	Generated ROM output	Rainbow gameplay only	Runtime-confirmed in compact-tail all-stage proof v01	conditional	rainbow_palette.py; guarded zero file-0x92 entry, exact 0x2000 bank, and all 15 stock file-0x87 loader pairs	Stock file 0x87 remains at retail ROM and is not duplicated or repointed. This supersedes the former [0xF20000,0xF679E0) relocated-file owner.	Memory-and-Allocation-Map.md	6eb0c7fb28a4eca7d1171d9b37dd7b7db3f21d80	153
rom.stock.title_former_high	rom	0x00F90000:0x00FC1000	1	0x00F90000	0x00FC1000		stock-unknown	Former title relocation allocation; current title no longer writes it	Global high ROM	No current title lifecycle	Earlier title composition Runtime-confirmed; new in-place static integration	no	title_branding.py; historical rom.production.title_high	Retired title-owner interval; clean FF bytes and former reservation do not by themselves certify another owner or free space.	Memory-and-Allocation-Map.md	6eb0c7fb28a4eca7d1171d9b37dd7b7db3f21d80	154
rom.production.global_stage_resources	rom	0x01000000:0x01800000	1	0x01000000	0x01800000		production	PR #137 generated global-item destination resource backing	Generated 32 MiB output only; outside clean input	Stage resource load/gameplay	Runtime-confirmed bounded Temple >16 MiB relocation proof v01; full eight-stage global composition Runtime Pending	conditional	resource_materialization.py; eight 1 MiB slots for stages 0,1,2,3,4,5,8,9	User-approved architecture. Temple v01 confirms the loader accepts the appended address range; full eight-stage globally shuffled composition remains the next runtime gate. Clean input remains 16 MiB and untouched.	Memory-and-Allocation-Map.md	6eb0c7fb28a4eca7d1171d9b37dd7b7db3f21d80	155
rom.generated.unassigned_tail	rom	0x01800000:0x02000000	1	0x01800000	0x02000000		stock-unknown	Unassigned appended generated-output capacity	Generated 32 MiB output only	None	No owner/use established	no	PR #137 output-size policy	Padding capacity only; not automatically free for future features without an explicit owner/allocation decision.	Memory-and-Allocation-Map.md	6eb0c7fb28a4eca7d1171d9b37dd7b7db3f21d80	156
rom.proof.fire_resource_relocation	rom	0x00F00000:0x00F02BE8	1	0x00F00000	0x00F02BE8		proof-only	Foreign Prison-key-in-Fire resource proof	disposable proof ROM	proof-only	Runtime-confirmed bounded proof	no		Architecture evidence only. The location is not a production allocation promise.	Memory-and-Allocation-Map.md	6eb0c7fb28a4eca7d1171d9b37dd7b7db3f21d80	181
rom.proof.sektor_v62_file_87	rom	0x00F40000:0x00F8E3FC	1	0x00F40000	0x00F8E3FC		proof-only	Sektor v62 relocated fighter file 0x87	disposable proof ROM	proof-only	Runtime-confirmed bounded combo route	no		Does not overlap current title allocation, but larger historical Sektor proof footprints crossed into the later title-owned high-ROM area; proof-history bounds remain artifact-specific.	Memory-and-Allocation-Map.md	6eb0c7fb28a4eca7d1171d9b37dd7b7db3f21d80	182
rom.proof.sektor_v70_file_87	rom	0x00F40000:0x00F8E790	1	0x00F40000	0x00F8E790		proof-only	Sektor v70 chest + straight-missile fighter file 0x87	disposable proof ROM	proof-only	Partially Runtime-confirmed missile presentation/flight route	no		File size 0x4E790 is 0x24C above the Runtime-confirmed v49 Fortress-working footprint. Fortress/Prison allocation safety was not revalidated; do not promote this as a new safe envelope.	Memory-and-Allocation-Map.md	6eb0c7fb28a4eca7d1171d9b37dd7b7db3f21d80	183
rom.proof.sektor_v75_file_87	rom	0x00F40000:0x00F8E790	1	0x00F40000	0x00F8E790		proof-only	Sektor v75 relocated fighter file 0x87	disposable proof ROM	proof-only	Runtime-confirmed bounded missile-flight route; endpoint verified in exact v75 file entry	no		Same file size as v70; no Fortress/Prison allocation-safety promotion. Its projectile helper code uses proof ROM [0x9ADA0,0x9AF20) inside current production bootstrap ownership, so the proof cannot be combined with production as-is.	Memory-and-Allocation-Map.md	6eb0c7fb28a4eca7d1171d9b37dd7b7db3f21d80	184
rom.proof.control_facing_v02_module	rom	0x00F72000:0x00F72268	1	0x00F72000	0x00F72268		proof-only	616-byte direction-facing expansion module backing file 0x1A	disposable proof ROM	proof-only	Runtime-confirmed on the bounded v02 control route	no		Source lies in a clean-ROM FF gap but is proof-only ownership, not a reusable free-space declaration.	Memory-and-Allocation-Map.md	6eb0c7fb28a4eca7d1171d9b37dd7b7db3f21d80	185
rom.proof.attack_modern_check_v01_low_extension	rom	0x00F68404:0x00F68600	1	0x00F68404	0x00F68600		proof-only	ATTACK helper/dispatch code and aligned gaps after production TURN inside shared file 0x1A	disposable proof ROM	proof-only	User-reported Runtime-confirmed disposable full-composition check; builder guards/bounds statically checked	no		Loaded to cached [0x801AFC24,0x801AFE20); starts with TURN-owned prefix intact and ends before Toasty source 0x00F687E0 / runtime 0x801B0000. The low transport gap is owned, not generally free.	Memory-and-Allocation-Map.md	6eb0c7fb28a4eca7d1171d9b37dd7b7db3f21d80	186
rom.proof.attack_modern_check_v01_owned_stubs	rom	0x000775D0:0x000775DC;0x00077688:0x00077694;0x0009AE18:0x0009AE28	3				proof-only	Combo and Block stubs inside existing production GAME SETTINGS regions; retargeted capture stub inside production bootstrap composite	disposable proof ROM	proof-only	User-reported Runtime-confirmed disposable full-composition check	no		All three are guarded edits within existing owners for this artifact. In normal production the frontend tails remain padding and the capture stub still targets capture directly. The conflicting 0x9AEC0 proof trampoline is untouched.	Memory-and-Allocation-Map.md	6eb0c7fb28a4eca7d1171d9b37dd7b7db3f21d80	187
rom.proof.toasty_v43_feature	rom	0x00F73000:0x00F73780	1	0x00F73000	0x00F73780		proof-only	Toasty v43 compact feature file 0x12	disposable proof ROM	proof-only	Implementation/static-confirmed; runtime Pending	no		Loads 0x780 bytes into the production-reserved expansion pool. The proof also retains v42's separate ROM-backed CI8 source files and v03 disposable audio-host edits; this interval is artifact-specific, not a production allocation.	Memory-and-Allocation-Map.md	6eb0c7fb28a4eca7d1171d9b37dd7b7db3f21d80	188
rdram.production.inventory_action_cave	rdram-physical	0x0008EAE8:0x0008EB50	1	0x0008EAE8	0x0008EB50	KSEG0 [0x8008EAE8,0x8008EB50); KSEG1 [0xA008EAE8,0xA008EB50)	production	Four-box action routine	Global code	Gameplay	Runtime-confirmed behavior; CI-confirmed bounds	yes	inventory_boxes.py	Same physical bytes as the displayed aliases; count once.	Memory-and-Allocation-Map.md	6eb0c7fb28a4eca7d1171d9b37dd7b7db3f21d80	212
rdram.production.inventory_helper_cave	rdram-physical	0x00099AC8:0x00099B58	1	0x00099AC8	0x00099B58	KSEG0 [0x80099AC8,0x80099B58); KSEG1 [0xA0099AC8,0xA0099B58)	production	Four-box helper composition	Global code	Gameplay / transition	Runtime-confirmed behavior; CI-confirmed bounds	yes	inventory_boxes.py	Historical proof tail use is not reusable.	Memory-and-Allocation-Map.md	6eb0c7fb28a4eca7d1171d9b37dd7b7db3f21d80	213
rdram.production.bootstrap_composite	rdram-physical	0x0009A184:0x0009A320	1	0x0009A184	0x0009A320	KSEG0 [0x8009A184,0x8009A320); KSEG1 [0xA009A184,0xA009A320)	production	Bootstrap/persistence/selector composite	Global code/data	Stage init / gameplay	Runtime-confirmed composition; CI-confirmed 0x19C capacity	yes	native_payload.py, pickup_persistence.py, inventory_boxes.py	Mirrors the current global-code ROM owner rom.production.bootstrap_composite; this is not a ROM=VA assumption but an established segment mapping.	Memory-and-Allocation-Map.md	6eb0c7fb28a4eca7d1171d9b37dd7b7db3f21d80	214
rdram.stock.false_zero_cave	rdram-physical	0x000A0708:0x000A0944	1	0x000A0708	0x000A0944	KSEG0 [0x800A0708,0x800A0944); KSEG1 [0xA00A0708,0xA00A0944)	stock-known	Stock action/dispatch data	Global data	Gameplay/input dispatch	Static-confirmed; Runtime-confirmed negative control	no	[MKT compatibility](MKT-to-MKMSZ-Compatibility-Layer)	Zero-filled records are semantic live data, not padding.	Memory-and-Allocation-Map.md	6eb0c7fb28a4eca7d1171d9b37dd7b7db3f21d80	215
rdram.production.file_entry_1b	rdram-physical	0x000A4554:0x000A4560	1	0x000A4554	0x000A4560	KSEG0 [0x800A4554,0x800A4560); KSEG1 [0xA00A4554,0xA00A4560)	production	Runtime global file-table entry 0x1B	Global data	Stage init	Runtime-confirmed loader path	yes	Global table base 0x800A4410, 12-byte entries	Alias of one physical table entry, not a separate allocation.	Memory-and-Allocation-Map.md	6eb0c7fb28a4eca7d1171d9b37dd7b7db3f21d80	216
rdram.production.file_entry_5e	rdram-physical	0x000A4878:0x000A4884	1	0x000A4878	0x000A4884	KSEG0 [0x800A4878,0x800A4884); KSEG1 [0xA00A4878,0xA00A4884)	production	Runtime global file-table entry 0x5E	Global data	Frontend/title load	Runtime-confirmed title route	yes	Global table base 0x800A4410, 12-byte entries	Runtime table reflects the patched file descriptor.	Memory-and-Allocation-Map.md	6eb0c7fb28a4eca7d1171d9b37dd7b7db3f21d80	217
rdram.production.key_stage_table	rdram-physical	0x000A5FE4:0x000A600C	1	0x000A5FE4	0x000A600C	KSEG0 [0x800A5FE4,0x800A600C); KSEG1 [0xA00A5FE4,0xA00A600C)	production	Key-to-stage map	Global data	Gameplay / transition	Runtime-confirmed masking; CI-confirmed 40 bytes	yes	inventory_boxes.py	Directly precedes live inventory but is a separate owner.	Memory-and-Allocation-Map.md	6eb0c7fb28a4eca7d1171d9b37dd7b7db3f21d80	218
rdram.production.live_inventory	rdram-physical	0x000A600C:0x000A6034	1	0x000A600C	0x000A6034	KSEG0 [0x800A600C,0x800A6034); KSEG1 [0xA00A600C,0xA00A6034)	production	Native ten-slot live inventory window	Global mutable data	Gameplay / inventory	Runtime-confirmed	yes	inventory_boxes.py; [Persistence/inventory](Persistence-Inventory-and-Lifecycle)	Live window is not authoritative across box switching; backing boxes are.	Memory-and-Allocation-Map.md	6eb0c7fb28a4eca7d1171d9b37dd7b7db3f21d80	219
rdram.production.four_boxes	rdram-physical	0x000A6048:0x000A60E8	1	0x000A6048	0x000A60E8	KSEG0 [0x800A6048,0x800A60E8); KSEG1 [0xA00A6048,0xA00A60E8)	production	Four authoritative ten-word backing boxes	Global mutable data	Run gameplay / transitions	Runtime-confirmed	yes	inventory_boxes.py	Gap [0x0A6034,0x0A6048) remains unknown.	Memory-and-Allocation-Map.md	6eb0c7fb28a4eca7d1171d9b37dd7b7db3f21d80	220
rdram.production.box_state	rdram-physical	0x000A60E8:0x000A60EC	1	0x000A60E8	0x000A60EC	KSEG0 0x800A60E8; KSEG1 0xA00A60E8	production	Active-box index/latch + durable TURN preference	Global mutable data	Frontend / gameplay / transition	Runtime-confirmed production composition	yes	inventory_boxes.py, game_settings_turn.py	Bits 0..1 active index; 0x100 switch latch; 0x0200 means TURN=LOCK. Box switching preserves the setting bit.	Memory-and-Allocation-Map.md	6eb0c7fb28a4eca7d1171d9b37dd7b7db3f21d80	221
rdram.production.box_magic	rdram-physical	0x000A60EC:0x000A60F0	1	0x000A60EC	0x000A60F0	KSEG0 0x800A60EC; KSEG1 0xA00A60EC	production	MKBX magic	Global mutable data	Run initialization / reconstruction	Implementation/CI-confirmed; exercised by runtime system	yes	inventory_boxes.py	Magic 0x4D4B4258.	Memory-and-Allocation-Map.md	6eb0c7fb28a4eca7d1171d9b37dd7b7db3f21d80	222
rdram.stock.xp_cap_table	rdram-physical	0x000A63FC:0x000A6410	1	0x000A63FC	0x000A6410	KSEG0 [0x800A63FC,0x800A6410); KSEG1 [0xA00A63FC,0xA00A6410)	stock-known	Signed XP-cap table with production main-stage edits	Global data	Gameplay	Static-confirmed; production writes Implementation/CI-confirmed	conditional	addresses.py, xp_progression.py	Only selected halfwords are production-edited.	Memory-and-Allocation-Map.md	6eb0c7fb28a4eca7d1171d9b37dd7b7db3f21d80	223
rdram.production.boot_branding_text	rdram-physical	0x000AED98:0x000AEE24	1	0x000AED98	0x000AEE24	KSEG0 [0x800AED98,0x800AEE24); KSEG1 [0xA00AED98,0xA00AEE24)	production	MKMSZR legal/boot strings	Global data	Boot/legal screen	Runtime-confirmed	yes	boot_branding.py pointer targets	Established global-segment mapping; count physical bytes once.	Memory-and-Allocation-Map.md	6eb0c7fb28a4eca7d1171d9b37dd7b7db3f21d80	224
rdram.production.box_indicator	rdram-physical	0x000AEE24:0x000AEE98	1	0x000AEE24	0x000AEE98	KSEG0 [0x800AEE24,0x800AEE98); KSEG1 [0xA00AEE24,0xA00AEE98)	production	Native box HUD wrapper/text	Global code/data	Gameplay HUD	Runtime-confirmed	yes	box_indicator.py	Exact region mirrors ROM owner.	Memory-and-Allocation-Map.md	6eb0c7fb28a4eca7d1171d9b37dd7b7db3f21d80	225
rdram.production.license_text	rdram-physical	0x000AEE98:0x000AEEBC	1	0x000AEE98	0x000AEEBC	KSEG0 [0x800AEE98,0x800AEEBC); KSEG1 [0xA00AEE98,0xA00AEEBC)	production	MKMSZR license string	Global data	Boot/legal screen	Runtime-confirmed	yes	boot_branding.py	Exact bounded string storage.	Memory-and-Allocation-Map.md	6eb0c7fb28a4eca7d1171d9b37dd7b7db3f21d80	226
rdram.stock.current_xp	rdram-physical	0x0011200C:0x00112010	1	0x0011200C	0x00112010	KSEG0 0x8011200C; KSEG1 0xA011200C	stock-known	Native current-XP word used by production progression	Global mutable data	Gameplay / stage transition	Static-confirmed and Runtime-confirmed on progression routes	conditional	addresses.py; [XP/progression](XP-and-Progression)	Production owns behavior around the stock variable, not surrounding words.	Memory-and-Allocation-Map.md	6eb0c7fb28a4eca7d1171d9b37dd7b7db3f21d80	227
rdram.production.runtime_core	rdram-physical	0x001AF420:0x001AF5F4	1	0x001AF420	0x001AF5F4	KSEG0 [0x801AF420,0x801AF5F4); KSEG1 [0xA01AF420,0xA01AF5F4)	production	Runtime V2 init + pickup-persistence code through actual +0x1D4 core end	Reserved MKMSZR block	Reloaded at stage init; executes during init/gameplay hooks	Runtime-confirmed; exact emitted size CI-confirmed	yes	runtime_v2.py, pickup_persistence.py; actual persistence core size 0x1D4	Subrange of the 1 KiB reservation.	Memory-and-Allocation-Map.md	6eb0c7fb28a4eca7d1171d9b37dd7b7db3f21d80	228
rdram.production.inventory_payload	rdram-physical	0x001AF5F4:0x001AF620	1	0x001AF5F4	0x001AF620	KSEG0 [0x801AF5F4,0x801AF620); KSEG1 [0xA01AF5F4,0xA01AF620)	production	Four-box filtered-save helper	Reserved MKMSZR block	Gameplay / transition	Runtime-confirmed composition; CI-confirmed bounds	yes	inventory_boxes.py payload +0x1D4..+0x200	Reuses the production payload tail intentionally.	Memory-and-Allocation-Map.md	6eb0c7fb28a4eca7d1171d9b37dd7b7db3f21d80	229
rdram.production.xp_payload	rdram-physical	0x001AF620:0x001AF700	1	0x001AF620	0x001AF700	KSEG0 [0x801AF620,0x801AF700); KSEG1 [0xA01AF620,0xA01AF700)	production	XP progression callback, threshold table, restore helper, and bounded padding	Reserved MKMSZR block	Pickup / stage transition	Runtime-confirmed Diagnostic B behavior; CI-confirmed meaningful content stays below +0x2E0	yes	xp_progression.py	The formerly zero [+0x2E0,+0x300) tail is intentionally released to the optional runtime-feature region below.	Memory-and-Allocation-Map.md	6eb0c7fb28a4eca7d1171d9b37dd7b7db3f21d80	230
rdram.production.optional_runtime_tail	rdram-physical	0x001AF700:0x001AF7D0	1	0x001AF700	0x001AF7D0	KSEG0 [0x801AF700,0x801AF7D0); KSEG1 [0xA01AF700,0xA01AF7D0)	production	Optional Runtime V2 feature code tail	Reserved MKMSZR block	Gameplay	Runtime-confirmed by compact rainbow v01; CI-confirmed bounds	yes	runtime_v2.py, rainbow_palette.py	Rainbow owns the full 0xD0-byte tail in rainbow builds; the compact helper adds the proof-validated defensive phase mask. In non-rainbow builds the interval remains reserved/zero.	Memory-and-Allocation-Map.md	6eb0c7fb28a4eca7d1171d9b37dd7b7db3f21d80	231
rdram.production.state_header	rdram-physical	0x001AF7D0:0x001AF7F0	1	0x001AF7D0	0x001AF7F0	KSEG0 [0x801AF7D0,0x801AF7F0); KSEG1 [0xA01AF7D0,0xA01AF7F0)	production	MKSV V2 state header; flags bit 0x0001 owns Temple scripted-check collection	Persistent MKMSZR state	Survives payload reload / normal stage lifecycle	Header Runtime-confirmed through production compositions; Temple flag Runtime-confirmed in v02	yes	runtime_v2.py, temple_special_check.py	Header validates magic/version/size/header-size; total state size is 0x50. Temple special state is intentionally outside the ordinary pickup words.	Memory-and-Allocation-Map.md	6eb0c7fb28a4eca7d1171d9b37dd7b7db3f21d80	232
rdram.production.pickup_state	rdram-physical	0x001AF7F0:0x001AF810	1	0x001AF7F0	0x001AF810	KSEG0 [0x801AF7F0,0x801AF810); KSEG1 [0xA01AF7F0,0xA01AF810)	production	Eight stage ordinary-pickup bitset words	Persistent MKMSZR state	Run lifecycle until reset boundary	Runtime-confirmed representative persistence in all eight stages and in the rainbow full composition	yes	pickup_persistence.py descriptors use state offsets +0x20..+0x3C	Scripted/special mechanisms are outside these bitsets.	Memory-and-Allocation-Map.md	6eb0c7fb28a4eca7d1171d9b37dd7b7db3f21d80	233
rdram.production.xp_state	rdram-physical	0x001AF810:0x001AF818	1	0x001AF810	0x001AF818	KSEG0 [0x801AF810,0x801AF818); KSEG1 [0xA01AF810,0xA01AF818)	production	Progression acquired-count + persistent-XP words	Persistent MKMSZR state	Run lifecycle / stage transition	Runtime-confirmed on bounded Diagnostic B routes and rainbow full composition	yes	xp_progression.py state +0x40/+0x44	Full nine-tier run remains a validation limit, not an allocation ambiguity.	Memory-and-Allocation-Map.md	6eb0c7fb28a4eca7d1171d9b37dd7b7db3f21d80	234
rdram.production.rainbow_phase	rdram-physical	0x001AF818:0x001AF81C	1	0x001AF818	0x001AF81C	KSEG0 0x801AF818; KSEG1 0xA01AF818	production	Optional rainbow phase word	Persistent MKMSZR state	Rainbow gameplay	Runtime-confirmed in full-composition v01	conditional	rainbow_palette.py state offset +0x48	Used only in rainbow mode; initialized by the common V2 state initializer.	Memory-and-Allocation-Map.md	6eb0c7fb28a4eca7d1171d9b37dd7b7db3f21d80	235
rdram.production.state_reserved_tail	rdram-physical	0x001AF81C:0x001AF820	1	0x001AF81C	0x001AF820	KSEG0 [0x801AF81C,0x801AF820); KSEG1 [0xA01AF81C,0xA01AF820)	production	Runtime V2 reserved final word; transient TURN editor halfword use	Reserved MKMSZR state	Frontend editor / run lifecycle	Runtime-confirmed production composition for transient editor use; CI-confirmed reservation boundary	yes	runtime_v2.py, game_settings_turn.py	GAME SETTINGS uses KSEG1 0xA01AF81C transiently while open. Durable TURN ownership is 0x800A60E8 bit 0x0200. **Not free.**	Memory-and-Allocation-Map.md	6eb0c7fb28a4eca7d1171d9b37dd7b7db3f21d80	236
rdram.production.expansion_pool	rdram-physical	0x001AF820:0x001B3420	1	0x001AF820	0x001B3420	KSEG0 [0x801AF820,0x801B3420); KSEG1 [0xA01AF820,0xA01B3420)	production	MKMSZR native expansion pool parent reservation	Reserved MKMSZR block	Global reservation; feature slices are build-time assigned	16 KiB arena-floor proof Runtime-confirmed across all eight safe stage loads; allocator/bounds Implementation/CI-confirmed	yes	addresses.py, allocations.py, tests/test_expansion_allocations.py	Parent owner remains reserved. TURN and modern controls own low named suballocations; Toasty conditionally owns the high named suballocation.	Memory-and-Allocation-Map.md	6eb0c7fb28a4eca7d1171d9b37dd7b7db3f21d80	237
rdram.production.turn_module	rdram-physical	0x001AF820:0x001AFC24	1	0x001AF820	0x001AFC24	KSEG0 [0x801AF820,0x801AFC24); KSEG1 [0xA01AF820,0xA01AFC24)	production	TURN v10/v06 native control module	Expansion-pool suballocation	Stage init / gameplay	Runtime-confirmed production composition; CI-confirmed 0x404-byte allocation	yes	game_settings_turn.py, tests/test_game_settings_turn.py	Loaded only at stage init through shared file 0x1A; never loaded from frontend.	Memory-and-Allocation-Map.md	6eb0c7fb28a4eca7d1171d9b37dd7b7db3f21d80	238
rdram.production.controls_extension	rdram-physical	0x001AFC30:0x001B0880	1	0x001AFC30	0x001B0880	KSEG0 [0x801AFC30,0x801B0880); KSEG1 [0xA01AFC30,0xA01B0880)	production	Modern controls helpers/state	Expansion-pool suballocation	Stage init / gameplay	Accepted v02 Runtime-confirmed; shared-builder byte parity	yes	controls_production.py	Ends 0x780 bytes before optional CI4 Toasty at 0x801B1000.	Memory-and-Allocation-Map.md	6eb0c7fb28a4eca7d1171d9b37dd7b7db3f21d80	239
rdram.production.rainbow_loader_wrapper	rdram-physical	0x001B0880:0x001B08D8	1	0x001B0880	0x001B08D8	KSEG0 [0x801B0880,0x801B08D8); KSEG1 [0xA01B0880,0xA01B08D8)	production	Optional compact-rainbow file-0x87 loader wrapper	Expansion-pool suballocation	Stage resource load	Runtime-confirmed by compact-tail all-stage proof; CI guards/bounds	conditional	rainbow_palette.py	Uses only the start of the established controls→Toasty gap.	Memory-and-Allocation-Map.md	6eb0c7fb28a4eca7d1171d9b37dd7b7db3f21d80	240
rdram.production.temple_special_check	rdram-physical	0x001B08E0:0x001B0970	1	0x001B08E0	0x001B0970	KSEG0 [0x801B08E0,0x801B0970); KSEG1 [0xA01B08E0,0xA01B0970)	production	Temple scripted-check check/award helpers	Expansion-pool suballocation	Temple gameplay / title-stage re-entry	v02 Runtime-confirmed mechanism; CI guards/bounds	yes	temple_special_check.py	0x90 bytes. Leaves the remainder of the gap untouched; Toasty remains fixed at 0x801B1000.	Memory-and-Allocation-Map.md	6eb0c7fb28a4eca7d1171d9b37dd7b7db3f21d80	241
rdram.production.toasty_module	rdram-physical	0x001B1000:0x001B2132	1	0x001B1000	0x001B2132	KSEG0 [0x801B1000,0x801B2132); KSEG1 [0xA01B1000,0xA01B2132)	production	Toasty packed native module	Reserved MKMSZR expansion pool	not separately stated in table row	Compact proof v01 Runtime-confirmed; CI guards/bounds	conditional	toasty_codegen.py, tests/test_toasty.py	Size 0x1132 = 4,402 B. Leaves 0x12EE bytes before 0x1B3420; reclaimed bytes remain inside the reserved MKMSZR pool and are not globally confirmed-free.	Memory-and-Allocation-Map.md	6eb0c7fb28a4eca7d1171d9b37dd7b7db3f21d80	242
rdram.production.progression_flash	rdram-physical	0x001B2160:0x001B2310	1	0x001B2160	0x001B2310	KSEG0 [0x801B2160,0x801B2310); KSEG1 [0xA01B2160,0xA01B2310)	production	Power Upgrade white-pulse palette/helper	Expansion-pool suballocation	Pickup progression feedback	TEST LAB v02 Runtime-confirmed; CI guards/bounds	conditional on Powers as pickups	progression_presentation.py	Exactly 0x1B0 bytes; starts after compact Toasty and ends 0x1110 bytes before arena floor 0x801B3420.	Memory-and-Allocation-Map.md	6eb0c7fb28a4eca7d1171d9b37dd7b7db3f21d80	243
rdram.production.inventory_menu_switch	rdram-physical	0x001B2DF0:0x001B2F44	1	0x001B2DF0	0x001B2F44	KSEG0 [0x801B2DF0,0x801B2F44); KSEG1 [0xA01B2DF0,0xA01B2F44)	production	Items-mode in-Inventory four-box switch helper	Expansion-pool suballocation	Inventory open / Items mode	v03 Runtime-confirmed bounded in full production composition; module-byte parity and bounds tests	yes	inventory_menu_switch.py, tests/test_inventory_menu_switch.py	Exact module size 0x154; begins immediately after Inventory HUD runtime end 0x801B2DF0. Parent pool remains reserved through 0x801B3420.	Memory-and-Allocation-Map.md	6eb0c7fb28a4eca7d1171d9b37dd7b7db3f21d80	244
rdram.proof.toasty_v43_feature	rdram-physical	0x001AF820:0x001AFFA0	1	0x001AF820	0x001AFFA0	KSEG0 [0x801AF820,0x801AFFA0); KSEG1 [0xA01AF820,0xA01AFFA0)	proof-only	Toasty v43 loaded feature slice	Gameplay HUD / reaction trigger	Stage init -> gameplay	v42 presentation sublayout Runtime-confirmed; added 176-byte reaction wrapper Implementation/static-confirmed; v43 runtime Pending	no	[Toasty visual research](Toasty-Visual-Research)	Artifact-specific suballocation of the production-reserved pool: v42-owned content remains through 0x1AFEEF; v43 wrapper is [0x1AFEF0,0x1AFFA0). Does not convert this slice into a production feature allocation.	Memory-and-Allocation-Map.md	6eb0c7fb28a4eca7d1171d9b37dd7b7db3f21d80	245
rdram.stock.pickup_context_pointer	rdram-physical	0x002ECE20:0x002ECE24	1	0x002ECE20	0x002ECE24	KSEG0 0x802ECE20; KSEG1 0xA02ECE20	stock-known	Current running process/controller pointer slot (pickup context only while its manager runs)	Stage runtime	Process scheduler/gameplay	Static-confirmed; runtime use confirmed by persistence	conditional	addresses.py, pickup_persistence.py	Corrects superseded 0x802FCE20; surrounding overlay/runtime space is not inferred from this word.	Memory-and-Allocation-Map.md	6eb0c7fb28a4eca7d1171d9b37dd7b7db3f21d80	247
