scope	address	first16_be_hex	evidence
overlay_earth	0x802F52B0	27bdffe8afb0001000a0802114800022	Clean USA Rev0 overlay 0x9C entry; exact byte guard
overlay_earth	0x802EDF50	3c02802f8c42ce2027bdff50afbf00ac	Clean USA Rev0 overlay 0x9C entry; exact byte guard
overlay_prison	0x802F1E44	27bdffc83c02801124421e18afb20020	Clean USA Rev0 overlay 0x9F entry; exact byte guard
overlay_prison	0x802EE320	3c02802f8c42ce2027bdff9824050100	Clean USA Rev0 overlay 0x9F entry; exact byte guard
overlay_prison	0x802F0754	27bdff883c0400013484b7e03c028011	Clean USA Rev0 overlay 0x9F entry; exact byte guard
overlay_bridge	0x802EF178	27bdffe814800007afbf00100c01d512	Clean USA Rev0 overlay 0x9B entry; exact byte guard
overlay_bridge	0x802ED888	27bdffc8afb0003000808021afbf0034	Clean USA Rev0 overlay 0x9B entry; exact byte guard
overlay_fortress	0x802EFDB0	27bdffc824020007afbf0034afbe0030	Clean USA Rev0 overlay 0x9E entry; exact byte guard
overlay_fortress	0x802EF30C	27bdffc8afb1001c24110002afb5002c	Clean USA Rev0 overlay 0x9E entry; exact byte guard
