scope	address	name	evidence	comment
overlay_earth	0x802F52B0	earth_key_award	Static-confirmed	Earth icon callback
overlay_earth	0x802EDF50	earth_boss_construct	Static-confirmed	Earth custom boss constructor
overlay_prison	0x802F1E44	prison_trigger_dispatch	Static-confirmed; specific L1 identity Pending	Prison stage trigger dispatch
overlay_prison	0x802EE320	prison_scene_actor_update	Static-confirmed; specific L1 identity Pending	Prison scene actor update
overlay_prison	0x802F0754	prison_capture_grunt_present	Static-confirmed	Prison staff-grunt set-piece
overlay_bridge	0x802EF178	bridge_icon_award	Static-confirmed	Bridge three-icons callback
overlay_bridge	0x802ED888	bridge_scene_trigger_dispatch	Static-confirmed	Bridge trigger dispatcher
overlay_fortress	0x802EFDB0	fortress_assassin_reward_manager	Static-confirmed	Fortress assassin manager
overlay_fortress	0x802EF30C	fortress_crystal_progression_dispatch	Static-confirmed	Crystal progression
