stage	address	description	evidence	note	source	status
unresolved	0x802F2CB4	Wind mixed pickup callback	Static-confirmed; v01 suppression Rejected / failed	Parameter 0/1 request `0x80062D60` and advance `0x802C18F8`; parameter 2 sets Wind-local byte `0x802F60A0`. It separately maps parameters to Wind inventory IDs and inserts them through `0x80075448`, then reaches generic pickup behavior. This callback mixes physical Wind stage/checkpoint state with logical reward award and must not be treated as a movable logical-item callback wholesale.	Function-Registry.md	overlay identity not yet verified
unresolved	0x802EE9FC	Wind 60-byte spatial-trigger dispatcher	Static-confirmed	Iterates the stage trigger table published at `0x801114F4` with count `0x802F8228`; tests player position against each record and dispatches by record event type/subtype. Physical Wind events reached from this family advance selector states `2/4/6/7/8/9` and set key-use gate bits independently of the pickup records.	Function-Registry.md	overlay identity not yet verified
unresolved	0x802EE320	Prison scene-actor update routine	Static-confirmed; L1-door identity Pending	Uses actor indices and scene positions, with downstream animation/geometry updates at `0x802EE9F0..0x802EECF0` / ROM `0xC6830..0xC6B30`. Relevant to door/scene-state tracing, but the first L1 door's record/index is not yet mapped to this path.	Function-Registry.md	overlay identity not yet verified
unresolved	0x802F0754	Prison capture staff-grunt set-piece presenter	Static-confirmed; v01 missing-resource failure Runtime-confirmed	Prison overlay file `0x9F`, ROM `0xC8594`. Directly reads file-`0x8F` slot `0x80112008`, acquires PRIS-GRUNT2/staff palette/asset data, constructs two scripted presentation actors, and continues resolving animation state through that slot. This dependency is independent of the ordinary enemy stream; replacing ordinary `0x15` combat does not make file `0x8F` removable across the capture set-piece.	Function-Registry.md	overlay identity not yet verified
unresolved	0x802F1E44	Prison stage-trigger dispatcher	Static-confirmed; L1-door identity Pending	Selects callbacks from scene-record flags and player position at overlay ROM `0xC9C84`. Candidate owner family for first-door interaction, pending resolution of the exact scene record through `0x80111FF8`.	Function-Registry.md	overlay identity not yet verified
Fire	0x802F0EBC	Fire	Three stage-icon awards, parameter `0..2`; v01 Runtime-confirms bounded checkpoint-free composition when only its direct `0x80062D60` presentation request and `0x802C18F8=s0+2` respawn-selector store are suppressed		Function-Registry.md	overlay identity not yet verified
Wind	0x802F2CB4	Wind	Circle/Triangle/Three Bars award callback		Function-Registry.md	overlay identity not yet verified
Water	0x802F2448	Water	Triangle/Three Bars/Moon award callback		Function-Registry.md	overlay identity not yet verified
Temple	0x802EEC54	Temple	Scripted Map/special-check actor callback. v01 Runtime-confirmed that its inventory award at `0x802EEE5C/60` is separable from the later elevator/progression path. v02 Runtime-confirms native Herbs visual materialization, dedicated MKSV special-check persistence, re-entry reconstruction, rope/elevator behavior, and Temple -> Wind while keeping the post-award loop location-owned.		Function-Registry.md	overlay identity not yet verified
