fact_id	owner_page	source_anchor	documented_excerpt	scope	source_section	source_blob_sha	limitations
ENM-001	Enemy-Randomization.md	Enemy randomization is research/proof work	Enemy randomization is research/proof work, not part of the production patch pipeline.	n64-enemy	Page introduction / feature maturity	0596c2fed0c32d9ab1e20ed0b69e212c8f91728c	Current owner controls interpretation, evidence and runtime bounds
ENM-002	Enemy-Randomization.md	stage stream -> 0x80071500	stage stream -> 0x80071500 -> 0x800719F0 -> 0x80071B20 -> 0x8002FCDC	n64-enemy	## Ordinary-enemy architecture	0596c2fed0c32d9ab1e20ed0b69e212c8f91728c	Current owner controls interpretation, evidence and runtime bounds
ENM-003	Enemy-Randomization.md	The current stage publishes a command-stream pointer	The current stage publishes a command-stream pointer at `0x800C11E4`. Process `0x70` interprets it. Spawn records supply coordinates, type, quota, and activation mode; the shared constructor resolves a resource pointer and type-relative descriptor before allocating the fighter. Exact record fields are in [Data structures and encodings](Data-Structures-and-Encodings).	n64-enemy	## Ordinary-enemy architecture	0596c2fed0c32d9ab1e20ed0b69e212c8f91728c	Current owner controls interpretation, evidence and runtime bounds
ENM-004	Enemy-Randomization.md	four-byte resource-pointer-slot table	`0x80071B20` indexes the four-byte resource-pointer-slot table at `0x800B14C0`; `0x8002FCDC` separately indexes descriptor offsets at `0x800B13D0` and stores type at actor `+0x78`.	n64-enemy	## Constructor resource tables	0596c2fed0c32d9ab1e20ed0b69e212c8f91728c	Current owner controls interpretation, evidence and runtime bounds
ENM-005	Enemy-Randomization.md	Guarded `0x000A -> 0x0009` succeeded	The first ordinary Fire type halfword is RAM `0x800B38AA` / ROM `0xB44AA`. Guarded `0x000A -> 0x0009` succeeded: the replacement spawned and normal Fire continued.	n64-enemy	## Runtime proofs	0596c2fed0c32d9ab1e20ed0b69e212c8f91728c	Current owner controls interpretation, evidence and runtime bounds
ENM-006	Enemy-Randomization.md	These are not members of an ordinary-enemy pool	These are not members of an ordinary-enemy pool. Boss randomization needs per-encounter work.	n64-enemy	## Boss and special exclusions	0596c2fed0c32d9ab1e20ed0b69e212c8f91728c	Current owner controls interpretation, evidence and runtime bounds
ENM-007	Enemy-Randomization.md	five gated singleton/special records stay fixed	- the five gated singleton/special records stay fixed, leaving **99** randomizable records;	n64-enemy	## Deterministic resource-family planner v1 (2026-09-30)	0596c2fed0c32d9ab1e20ed0b69e212c8f91728c	Current owner controls interpretation, evidence and runtime bounds
ENM-008	Enemy-Randomization.md	stock file `0x8F` remains resident	- Prison's Runtime-confirmed `prison-fast-phase` profile separates randomizable combat resources from fixed scripted auxiliary resources: FAST MONK file `0x20` replaces ordinary combat ownership while stock file `0x8F` remains resident for the capture set-piece;	n64-enemy	## Deterministic resource-family planner v1 (2026-09-30)	0596c2fed0c32d9ab1e20ed0b69e212c8f91728c	Current owner controls interpretation, evidence and runtime bounds
ACT-001	Player-Actions-and-Special-Moves.md	one active `0x2C`-byte record	The Low Kick table is RAM `0x800B0F68` / ROM `0xB1B68`. **Corrected 2026-09-26 clean-ROM reconciliation:** it contains one active `0x2C`-byte record, followed by the zero `u16` sentinel at `0x800B0F94`. RAM `0x800B0F98` begins the separate High Kick table; it is not a second Low Kick record. The older two-record interpretation is superseded. Any added descriptor still requires separately owned/relocated storage rather than extending through the sentinel into the HK table.	n64-host	## Low Kick descriptor and special-action path	2e78935342111ce60168ac7d08b6c03d7ea1a6fe	Current owner controls interpretation, evidence and runtime bounds
ACT-002	Player-Actions-and-Special-Moves.md	zero `u16` sentinel at	The Low Kick table is RAM `0x800B0F68` / ROM `0xB1B68`. **Corrected 2026-09-26 clean-ROM reconciliation:** it contains one active `0x2C`-byte record, followed by the zero `u16` sentinel at `0x800B0F94`. RAM `0x800B0F98` begins the separate High Kick table; it is not a second Low Kick record. The older two-record interpretation is superseded. Any added descriptor still requires separately owned/relocated storage rather than extending through the sentinel into the HK table.	n64-host	## Low Kick descriptor and special-action path	2e78935342111ce60168ac7d08b6c03d7ea1a6fe	Current owner controls interpretation, evidence and runtime bounds
ACT-003	Player-Actions-and-Special-Moves.md	remapping-aware semantic input word	**Static-confirmed.** The main player process at `0x80028F3C` owns normal directional locomotion. Controller `+0x638` points directly to the remapping-aware semantic input word `0x800BF2EE`. In its normal horizontal state, Right (`0x2000`) and Left (`0x8000`) are copied to controller `+0x68C` as the active direction.	n64-host	## Horizontal locomotion and facing	2e78935342111ce60168ac7d08b6c03d7ea1a6fe	Current owner controls interpretation, evidence and runtime bounds
ACT-004	Player-Actions-and-Special-Moves.md	ATTACK: MODERN is an input-translation layer	ATTACK: MODERN is an input-translation layer over stock combat, not a replacement combat engine. The accepted priority is:	n64-host	## ATTACK: MODERN semantic input translation	2e78935342111ce60168ac7d08b6c03d7ea1a6fe	Current owner controls interpretation, evidence and runtime bounds
ACT-005	Player-Actions-and-Special-Moves.md	is **not** a live	Controller `+0x6FC` is **not** a live "currently walking backward" flag. Stock writes locomotion mode `1` or `2` during forward/backward setup and the value can remain after returning to idle. ATTACK v03 therefore leaked the last walk direction into later attacks: after a backward walk, idle Attack produced kicks; after a forward walk, it produced punches.	n64-host	### Live backward predicate	2e78935342111ce60168ac7d08b6c03d7ea1a6fe	Current owner controls interpretation, evidence and runtime bounds
ACT-006	Player-Actions-and-Special-Moves.md	The stock parser at `0x8004D764`	The accepted combo implementation does **not** synthesize a hard-coded combo or force animation states. The stock parser at `0x8004D764` remains authoritative.	n64-host	### Stock combo-parser translation	2e78935342111ce60168ac7d08b6c03d7ea1a6fe	Current owner controls interpretation, evidence and runtime bounds
ACT-007	Player-Actions-and-Special-Moves.md	stock predicate `0x8002EAFC` byte-for-byte intact	**v10 — Runtime-confirmed gameplay.** The final runtime design leaves stock predicate `0x8002EAFC` byte-for-byte intact. At `0x80015B4C`, after remapping but before the later analog-generated Run merge, it snapshots semantic Run bit `0x0004` as the configured physical/remapped Run-button state. The four stock locomotion Run-predicate call sites are wrapped locally: HOLD returns the stock predicate result; AUTO for the actual player returns Run when the physical button is released and Walk when it is held. Active AUTO Run->Walk is interposed at the post-classifier back-edge `0x80029778` / ROM `0x0002A378`, after `0x800296E8 -> 0x8002B1F8`, preserving running JUMP:BUTTON priority. Walk re-entry uses `0x800293A8`, whose accepted TURN decision path reconstructs the needed direction classification.	n64-host	## RUN: HOLD / AUTO — Runtime-confirmed proof semantics	2e78935342111ce60168ac7d08b6c03d7ea1a6fe	Current owner controls interpretation, evidence and runtime bounds
ACT-008	Player-Actions-and-Special-Moves.md	The durable conclusion is the **v6 lifecycle model**	The durable conclusion is the **v6 lifecycle model**, not the v8 movement behavior. Direct player-velocity measurement remains the clean way to separate movement calibration from pass-through, victim-hold, and strike behavior.	n64-host	## Durable Reverse Elbow host-side findings	2e78935342111ce60168ac7d08b6c03d7ea1a6fe	Current owner controls interpretation, evidence and runtime bounds
MKT-001	MKT-to-MKMSZ-Compatibility-Layer.md	faithful source-level port through an MKMSZ compatibility adapter	The accepted direction is a **faithful source-level port through an MKMSZ compatibility adapter**.	cross-game	## Current conclusion	d80979f19d210f35190b29398b46c108fd127260	Donor/reference knowledge; not automatically target-native
MKT-002	MKT-to-MKMSZ-Compatibility-Layer.md	Direct relocation of donor retail instructions remains rejected	Direct relocation of donor retail instructions remains rejected as the general strategy. The games differ in process/object layouts, globals, scheduler ABI, strike/reaction tables, heap/resource bases, callback semantics, and texture codecs; a safe binary rewrite would require the same semantic knowledge as a source-level adapter while being more fragile.	cross-game	## Current conclusion	d80979f19d210f35190b29398b46c108fd127260	Donor/reference knowledge; not automatically target-native
MKT-003	MKT-to-MKMSZ-Compatibility-Layer.md	MKT USA Rev. 2 N64	| Donor | MKT USA Rev. 2 N64 | `0xC00000` bytes; SHA-256 `30efdbe266dda8b8b12652a8d0a71b3b4bfec88bdf11ed12c219f5c4e1eaf7bb` |	cross-game	## Evidence boundary	d80979f19d210f35190b29398b46c108fd127260	Donor/reference knowledge; not automatically target-native
MKT-004	MKT-to-MKMSZ-Compatibility-Layer.md	Numeric equality is not semantic compatibility	> **Numeric equality is not semantic compatibility.**	cross-game	## What requires translation	d80979f19d210f35190b29398b46c108fd127260	Donor/reference knowledge; not automatically target-native
MKT-005	MKT-to-MKMSZ-Compatibility-Layer.md	tested Sektor v62 scope	| Normal-combo record structure | Compatible at the tested Sektor v62 scope | [MKT adapter primitives](MKT-Adapter-Primitives) |	cross-game	## What transfers conceptually	d80979f19d210f35190b29398b46c108fd127260	Donor/reference knowledge; not automatically target-native
MKT-006	MKT-to-MKMSZ-Compatibility-Layer.md	target shim is Pending	| Three-tick no-repel behavior | Donor semantic is Static-confirmed; target shim is Pending | [MKT adapter primitives](MKT-Adapter-Primitives) |	cross-game	## What transfers conceptually	d80979f19d210f35190b29398b46c108fd127260	Donor/reference knowledge; not automatically target-native
MKT-007	MKT-to-MKMSZ-Compatibility-Layer.md	generic donor animation-control-token translator	- generic donor animation-control-token translator;	cross-game	### Translation-required or incomplete	d80979f19d210f35190b29398b46c108fd127260	Donor/reference knowledge; not automatically target-native
MKT-008	MKT-to-MKMSZ-Compatibility-Layer.md	These are proof/research goals, not current 1.0 product blockers	These are proof/research goals, not current 1.0 product blockers.	cross-game	## Current research direction	d80979f19d210f35190b29398b46c108fd127260	Donor/reference knowledge; not automatically target-native
ADP-001	MKT-Adapter-Primitives.md	not direct relocation of MKT retail instructions and not behavioral imitation	The accepted MKT -> MKMSZ direction is a **source-level compatibility adapter**, not direct relocation of MKT retail instructions and not behavioral imitation.	donor-semantic	## Current conclusion	5088cce15465b7d7b0f92fcc26c6fbaad03b04af	Donor/reference knowledge; not automatically target-native
ADP-002	MKT-Adapter-Primitives.md	Runtime confirmation is bounded to the tested route	Runtime confirmation is bounded to the tested route. A working Sektor or Reverse Elbow proof does not establish a universal adapter for arbitrary MKT actions.	donor-semantic	## Evidence boundary	5088cce15465b7d7b0f92fcc26c6fbaad03b04af	Donor/reference knowledge; not automatically target-native
ADP-003	MKT-Adapter-Primitives.md	Numeric equality is not semantic compatibility	Numeric equality is not semantic compatibility. A donor function address, process-field offset, strike index, reaction selector, animation callback token, or heap pointer must not be transplanted merely because the target has a similar-looking number or record.	donor-semantic	## Translation model	5088cce15465b7d7b0f92fcc26c6fbaad03b04af	Donor/reference knowledge; not automatically target-native
ADP-004	MKT-Adapter-Primitives.md	must not simply return normally	A critical target lifecycle rule is already established: a top-level callback installed through the MKMSZ special-action path **must not simply return normally**. A normal return can re-enter the callback because of the installed return context. The successful Reverse Elbow lifecycle instead uses bounded execution plus scheduler/native cleanup.	donor-semantic	### MKMSZ translation	5088cce15465b7d7b0f92fcc26c6fbaad03b04af	Donor/reference knowledge; not automatically target-native
ADP-005	MKT-Adapter-Primitives.md	proof-only forced-X crossover is **not** donor behavior	The old proof-only forced-X crossover is **not** donor behavior. That shortcut attempted to force the attacker across the victim instead of composing normal motion with temporary repulsion suppression.	donor-semantic	## Movement	5088cce15465b7d7b0f92fcc26c6fbaad03b04af	Donor/reference knowledge; not automatically target-native
ADP-006	MKT-Adapter-Primitives.md	MKT strike numbers are donor-table indices	MKT strike numbers are donor-table indices, **not MKMSZ strike IDs**.	donor-semantic	## Strike and reaction translation	5088cce15465b7d7b0f92fcc26c6fbaad03b04af	Donor/reference knowledge; not automatically target-native
ADP-007	MKT-Adapter-Primitives.md	signed halfword `f_norepell` to `3`	Retail evidence shows that it sets signed halfword `f_norepell` to `3`. The central fighter-separation process decrements the value once per separation tick. While it remains nonzero, normal super-close forced velocities and per-player anti-overlap corrections are skipped.	donor-semantic	## No-repel semantic	5088cce15465b7d7b0f92fcc26c6fbaad03b04af	Donor/reference knowledge; not automatically target-native
ADP-008	MKT-Adapter-Primitives.md	v62 changed only the three affected reaction-selector bytes	v62 changed only the three affected reaction-selector bytes from `0x02` to the MKMSZ-native/proven selector `0x04`, preserving the button graph, attacker animation selectors, pointers, and input requirements. The tested combo route then became Runtime-confirmed.	donor-semantic	### v62 correction	5088cce15465b7d7b0f92fcc26c6fbaad03b04af	Donor/reference knowledge; not automatically target-native
AST-001	MKT-Fighter-Asset-Translation.md	a **translation pipeline**, not a binary transplant	The fighter-art path is a **translation pipeline**, not a binary transplant:	donor-assets	## Current conclusion	1c0fbc34582acd6efb9270f61df3d59a7310fb3f	Donor/reference knowledge; not automatically target-native
AST-002	MKT-Fighter-Asset-Translation.md	Four-byte row pitch is part of both	- Four-byte row pitch is part of both the proven imported N64 fighter path and preserved Midway WIMP raw-image storage. Visible width and stored row pitch must be kept distinct.	donor-assets	## Current conclusion	1c0fbc34582acd6efb9270f61df3d59a7310fb3f	Donor/reference knowledge; not automatically target-native
AST-003	MKT-Fighter-Asset-Translation.md	MKT N64 codecs `16`, `22`, and `24`	- MKT N64 codecs `16`, `22`, and `24`, plus the codec-`15` mechanical-arm path, are donor formats only. Their bytes are decoded offline; MKMSZ does not consume those streams directly. Codec `16` is now losslessly decoded for the Sektor straight-missile horizontal rocket frames.	donor-assets	## Current conclusion	1c0fbc34582acd6efb9270f61df3d59a7310fb3f	Donor/reference knowledge; not automatically target-native
AST-004	MKT-Fighter-Asset-Translation.md	SCCOMBO10 A1.7/v08 proof	The first successful runtime rendering of a genuine retail MKT fighter frame inside MKMSZ was the SCCOMBO10 A1.7/v08 proof:	donor-assets	### First genuine MKT fighter import proof	1c0fbc34582acd6efb9270f61df3d59a7310fb3f	Donor/reference knowledge; not automatically target-native
AST-005	MKT-Fighter-Asset-Translation.md	normalize donor fighter art to a **16-color indexed palette**	**Design-accepted 2026-09-25; bounded visual proof accepted by the user.** For the generic N64 MKT -> MKMSZ fighter importer, normalize donor fighter art to a **16-color indexed palette** by default. The Sektor 16-color proof was judged visually successful, so restoring a 32-color body palette is **not** a fidelity goal by itself.	donor-assets	### Accepted generic 16-color normalization direction	1c0fbc34582acd6efb9270f61df3d59a7310fb3f	Donor/reference knowledge; not automatically target-native
AST-006	MKT-Fighter-Asset-Translation.md	MKT N64 fighter palettes are RGBA5551	MKT N64 fighter palettes are RGBA5551. MKMSZ source palettes are BGR555 words that the native upload path converts for hardware use.	donor-assets	### Donor-to-target color conversion	1c0fbc34582acd6efb9270f61df3d59a7310fb3f	Donor/reference knowledge; not automatically target-native
AST-007	MKT-Fighter-Asset-Translation.md	every generated fighter shape on a 4-byte boundary	5. place every generated fighter shape on a 4-byte boundary;	donor-assets	## MKMSZ Type-5 generation	1c0fbc34582acd6efb9270f61df3d59a7310fb3f	Donor/reference knowledge; not automatically target-native
AST-008	MKT-Fighter-Asset-Translation.md	contains **341** stock Sub-Zero Type-5 fighter frames	Clean MKMSZ file ID `0x87` contains **341** stock Sub-Zero Type-5 fighter frames sharing the table at `+0x14AC`. The scanned Type-5-owned corpus occupies `+0x14AC..+0x41684` end-exclusive and decodes to **1,418,312** indexed-pixel bytes.	donor-assets	### Stock Type-5 corpus and encoder benchmark	1c0fbc34582acd6efb9270f61df3d59a7310fb3f	Donor/reference knowledge; not automatically target-native
