owner_page	wiki_source_blob_sha	level_2_3_headings	headings_with_unique_anchor	existing_claims	stale_claims	ambiguous_claims	preamble_claims	audit_scope
Core-Runtime-and-Address-Database.md	3880a7d0a3a56b4708bd1879b3790582cd5083bf	10	9	18	0	0	0	raw anchor scan; not semantic exhaustiveness
Memory-and-Allocation-Map.md	baab85791306bdd386d11d5a946753f22081bdc5	20	19	113	0	7	0	raw anchor scan; not semantic exhaustiveness
Function-Registry.md	0a808dd6cc840b47ac6d61fe26ecb56c9c4590bd	8	4	166	0	0	0	raw anchor scan; not semantic exhaustiveness
Address-and-Patch-Site-Registry.md	ee5f3d64f27981faa94d87927925895d920e89b0	10	5	151	0	9	0	raw anchor scan; not semantic exhaustiveness
Data-Structures-and-Encodings.md	2ec0caca5014dc6dbd788bc656fc86e3d4b3f30f	13	9	11	0	0	0	raw anchor scan; not semantic exhaustiveness
ROM-Overlay-and-Resource-Map.md	5572c7225d9f8123d42fb1c8d2da61a4ddbc8687	11	9	42	0	1	0	raw anchor scan; not semantic exhaustiveness
Stage-Flow-and-Selector.md	05894eed8a2bb656a112f12cceac39a6e2f9fe9d	11	10	17	0	0	2	raw anchor scan; not semantic exhaustiveness
Pickups-and-Item-Randomization.md	324bae622b7e13d843c838786e2daebe39810649	12	4	8	0	0	0	raw anchor scan; not semantic exhaustiveness
Global-Item-Materialization-and-Solvability.md	aa0c57ec35faa8e892a3d0f34bcf5912a28ae8d3	50	26	36	0	1	0	raw anchor scan; not semantic exhaustiveness
Persistence-Inventory-and-Lifecycle.md	54a70762796dc0970510ae6e1cd28220173e711a	9	9	22	0	0	0	raw anchor scan; not semantic exhaustiveness
XP-and-Progression.md	817b1ed3efd1b83fa142cb929b976763f94a6f46	14	10	27	0	0	0	raw anchor scan; not semantic exhaustiveness
Native-HUD-and-UI.md	d285ce6554ef77e4036f71fe08c224a3b9f1ccb1	12	11	65	0	1	15	raw anchor scan; not semantic exhaustiveness
Presentation-and-Branding.md	6368b502b77d756c41ff4f1193431abd397bd98d	14	5	8	0	0	0	raw anchor scan; not semantic exhaustiveness
Sounds-and-Music.md	a268267ddd6e4133b8702c4b9c639e0da682c387	12	8	18	0	0	0	raw anchor scan; not semantic exhaustiveness
Palette-and-Recoloring.md	aa6ebaca2b564fe7e02e3684c917f513cfb542d8	6	4	8	0	1	0	raw anchor scan; not semantic exhaustiveness
Web-Patcher-and-Product.md	03a1736a7cee2d0f777ec13ed64a8657d14972fd	6	3	6	0	0	0	raw anchor scan; not semantic exhaustiveness
Stage-Catalogs.md	f19d3d7399065db587f8100652acd328350c98da	9	1	3	0	0	0	raw anchor scan; not semantic exhaustiveness
Stage-Catalog-Temple.md	2cf70d9bcf6ddf8cae5696aa4a332d7775f105fd	9	2	5	0	0	1	raw anchor scan; not semantic exhaustiveness
Stage-Catalog-Wind.md	ea3ff51b6842ea395cb7bf8e8299cd4266fea8d1	8	2	5	0	0	1	raw anchor scan; not semantic exhaustiveness
Stage-Catalog-Water.md	cea1cba1450752bed426679d4ce76b1e97e6b789	8	2	5	0	0	1	raw anchor scan; not semantic exhaustiveness
Stage-Catalog-Earth.md	44b464641e0db6525abdf43a3832cc51bb359f9b	8	1	5	0	0	1	raw anchor scan; not semantic exhaustiveness
Stage-Catalog-Prison.md	909810b8e5b06ea97058e2e679dd375921a49d35	9	2	5	0	0	1	raw anchor scan; not semantic exhaustiveness
Stage-Catalog-Fire.md	e1dd900748aaa2e09067a21dae2b2df801b80887	9	2	5	0	0	1	raw anchor scan; not semantic exhaustiveness
Stage-Catalog-Bridge.md	688b7fb28b7a7b9b350308c75e3094397f8e52d8	8	1	5	0	1	1	raw anchor scan; not semantic exhaustiveness
Stage-Catalog-Fortress.md	34b375732b6427ae9b00e9e97967494356645a2b	8	2	5	0	0	1	raw anchor scan; not semantic exhaustiveness
Enemy-Randomization.md	2eeb8c913d93220fcba826fcfa462522daeabcff	40	23	38	0	1	1	raw anchor scan; not semantic exhaustiveness
Player-Actions-and-Special-Moves.md	2e78935342111ce60168ac7d08b6c03d7ea1a6fe	33	22	40	0	1	0	raw anchor scan; not semantic exhaustiveness
MKT-to-MKMSZ-Compatibility-Layer.md	d80979f19d210f35190b29398b46c108fd127260	13	6	8	0	0	0	raw anchor scan; not semantic exhaustiveness
MKT-Adapter-Primitives.md	5088cce15465b7d7b0f92fcc26c6fbaad03b04af	34	8	8	0	0	0	raw anchor scan; not semantic exhaustiveness
MKT-Fighter-Asset-Translation.md	1c0fbc34582acd6efb9270f61df3d59a7310fb3f	31	6	8	0	0	0	raw anchor scan; not semantic exhaustiveness
Sub-Zero-to-Sektor-Animation-Mapping.md	11b0cfc4680c8d31935cfd4816f229b8eaa3efcb	18	4	6	0	1	0	raw anchor scan; not semantic exhaustiveness
Sektor-Takeover-Proof-History.md	68d1288a94b7011fabf3b4ab96cfa76bf36905a4	106	2	6	0	1	0	raw anchor scan; not semantic exhaustiveness
Toasty-Audio-Research.md	f4028403920c877b201baf74262beb9219bbfa2c	27	2	6	0	3	0	raw anchor scan; not semantic exhaustiveness
Toasty-Visual-Research.md	6248c7784824198e3f2d79c5ed69aec21289565b	55	3	6	0	1	0	raw anchor scan; not semantic exhaustiveness
PS1-Research.md	ccbfa10263daf0be202c65377f52c2b4d10bea7a	8	4	6	0	0	1	raw anchor scan; not semantic exhaustiveness
N64-PS1-Comparison.md	2c3f86a5051d88e2e07721d94a485b4fd9f91371	4	2	6	0	1	1	raw anchor scan; not semantic exhaustiveness
Production-Rich-Inventory-Music-Static-Investigation.md	e9fe7512a0bf9274b2486b13afc81e6dd8c99d04	24	0	0	0	0	0	raw anchor scan; not semantic exhaustiveness
Test-Lab-Inventory-Hang-Static-Diagnosis.md	6f2d7452e7a84d98ab656c57d464bf4635f1d2a4	8	6	18	0	0	0	raw anchor scan; not semantic exhaustiveness
Lifecycle-Static-Closure-v05.md	012e2d13f1dd25872ac61f3ac781fbf55d3b157c	7	3	6	0	0	1	raw anchor scan; not semantic exhaustiveness
Experiments-Failures-and-Superseded-Findings.md	9bea08b7f4851440ab143bf6da0b891affe2ca6c	11	2	6	0	0	3	raw anchor scan; not semantic exhaustiveness
