fact_id	owner_page	source_anchor	source_line	source_section	documented_excerpt	knowledge_scope	evidence_boundary	source_blob_sha
WEB-001	Web-Patcher-and-Product.md	five in-game preferences	7	## Shared core	The shared patch core installs the accepted native GAME SETTINGS frontend with five in-game preferences — `TURN`, `ATTACK`, `SPECIALS`, `JUMP`, and `RUN` — plus `EXIT`. These are **in-game** preferences, not browser/CLI build options. Their accepted gameplay and durable-state meanings are owned by [Native HUD and UI](Native-HUD-and-UI) and [Player actions and special moves](Player-Actions-and-Special-Moves): `ATTACK: CLASSIC/MODERN` replaces the historical `COMBOS: CLASSIC/ASSIST`, and `RUN: HOLD/AUTO` is available. `JUMP: BUTTON` is editable only when ATTACK and SPECIALS are both MODERN; it returns to DPAD when either prerequisite is disabled.	product-n64	Current product-facing owner; Roadmap owns final release acceptance	03a1736a7cee2d0f777ec13ed64a8657d14972fd
WEB-002	Web-Patcher-and-Product.md	`RomImage.from_bytes(..., require_clean=True)`	11	## Shared core	The browser runs Pyodide inside a dedicated Web Worker so the page remains responsive while the CPU-heavy patch pipeline executes. Selecting the MKMSZ target immediately sends the file to that worker for the same Python `RomImage.from_bytes(..., require_clean=True)` validation used by the shared core; the worker keeps the validated canonical source image in memory. Patching then starts from a fresh copy of that already-validated image, avoiding a second clean-ROM SHA-256/byte-order pass in the browser while leaving the CLI validation path unchanged. The optional MKT Rev. 2 donor is likewise validated and cached on selection.	product-n64	Current product-facing owner; Roadmap owns final release acceptance	03a1736a7cee2d0f777ec13ed64a8657d14972fd
WEB-003	Web-Patcher-and-Product.md	`.z64` (big-endian)	19	## Inputs and output guarantees	- **Nintendo 64** — clean MKMSZ USA Rev. 0 is the patch target. Standard `.z64` (big-endian), `.v64` (byte-swapped), and `.n64` (little-endian 32-bit-word) serializations are accepted. Detection uses the first four ROM bytes rather than the filename extension; input is normalized to canonical big-endian `.z64` before the existing clean-ROM SHA-256 and patch guards run. Generated output remains canonical `.z64`.	product-n64	Current product-facing owner; Roadmap owns final release acceptance	03a1736a7cee2d0f777ec13ed64a8657d14972fd
WEB-004	Web-Patcher-and-Product.md	**Enemy Randomization** as a seeded option	62	## Enemy Randomization option	The shared product configuration exposes **Enemy Randomization** as a seeded option in both browser and CLI. The browser now defaults this option **ON**; the underlying shared configuration/CLI behavior remains user-selectable and is not redefined by the browser default.	product-n64	Current product-facing owner; Roadmap owns final release acceptance	03a1736a7cee2d0f777ec13ed64a8657d14972fd
WEB-005	Web-Patcher-and-Product.md	`MKMSZR:ENEMIES:RESOURCE-PLANNER:V1`	69	## Enemy Randomization option	- The normal build seed drives enemy planning through the isolated `MKMSZR:ENEMIES:RESOURCE-PLANNER:V1` domain.	product-n64	Current product-facing owner; Roadmap owns final release acceptance	03a1736a7cee2d0f777ec13ed64a8657d14972fd
WEB-006	Web-Patcher-and-Product.md	one normal browser/CLI production-build runtime gate	72	## Enemy Randomization option	The underlying planner/materializer has bounded Runtime-confirmed representative all-stage evidence. The new product composition still requires repository CI plus one normal browser/CLI production-build runtime gate with the option enabled.	product-n64	Current product-facing owner; Roadmap owns final release acceptance	03a1736a7cee2d0f777ec13ed64a8657d14972fd
SEKMAP-001	Sub-Zero-to-Sektor-Animation-Mapping.md	table 1 exactly **43 entries**	12	## Evidence boundary	- The first script after MKMSZ table 1 is at `+0x1B0`, making table 1 exactly **43 entries**.	mixed-target-donor	Mixed native-MKMSZ and MKT donor slot maps; tables are not address-compatible	11b0cfc4680c8d31935cfd4816f229b8eaa3efcb
SEKMAP-002	Sub-Zero-to-Sektor-Animation-Mapping.md	**90 entries**	13	## Evidence boundary	- MKT robot heap base: donor ROM `0x8881C0`; `robo_anitab1` is heap `+0x000` (**90 entries**) and `robo_anitab2` is heap `+0x168` (**27 entries**).	mixed-target-donor	Mixed native-MKMSZ and MKT donor slot maps; tables are not address-compatible	11b0cfc4680c8d31935cfd4816f229b8eaa3efcb
SEKMAP-003	Sub-Zero-to-Sektor-Animation-Mapping.md	numeric table position is **not**	18	## Main conclusion	**Static-confirmed:** much of the inherited primary animation layout is shared through the ordinary fighter core, but numeric table position is **not** by itself a MKMSZ product requirement. Ordinary common states in the early table remain the strongest direct graphical-replacement candidates; later reachability tracing shows that MKMSZ repurposes some inherited positions for Mythologies-only control/special data.	mixed-target-donor	Mixed native-MKMSZ and MKT donor slot maps; tables are not address-compatible	11b0cfc4680c8d31935cfd4816f229b8eaa3efcb
SEKMAP-004	Sub-Zero-to-Sektor-Animation-Mapping.md	table0 index (0x41 + n)	349	## MKMSZ player-state reachability audit — 2026-09-25	table0 index (0x41 + n) == table1 index n	mixed-target-donor	Mixed native-MKMSZ and MKT donor slot maps; tables are not address-compatible	11b0cfc4680c8d31935cfd4816f229b8eaa3efcb
SEKMAP-005	Sub-Zero-to-Sektor-Animation-Mapping.md	target Run rate **3**	428	## Current mapping coverage	¦ Ordinary Run ¦ **Runtime-confirmed accepted design:** use only the six retail N64 MKT Run poses `RBRUN1,3,5,7,9,11`, at target Run rate **3** (~100 ms/pose), followed immediately by loop control back to the Run root. v03 Runtime-confirms the translated cadence; v04 Runtime-confirms that the live MKMSZ Run script can contain exactly six visual entries rather than preserving Sub-Zero's historical 12-entry layout. Donor frame count and target cadence are therefore independent importer properties. ¦	mixed-target-donor	Mixed native-MKMSZ and MKT donor slot maps; tables are not address-compatible	11b0cfc4680c8d31935cfd4816f229b8eaa3efcb
SEKMAP-006	Sub-Zero-to-Sektor-Animation-Mapping.md	five Static-confirmed live main-player host states	468	## Current remaining gaps	- finalize and runtime-prove the donor fallback/presentation policies for the five Static-confirmed live main-player host states `P28`, `P29`, `P2A`, `S03`, and `S05`; their host semantics are now identified, and inherited `fb_*` names are explicitly not accepted as MKMSZ semantics;	mixed-target-donor	Mixed native-MKMSZ and MKT donor slot maps; tables are not address-compatible	11b0cfc4680c8d31935cfd4816f229b8eaa3efcb
SEKHIST-001	Sektor-Takeover-Proof-History.md	bounded proof workstream, not a production feature	9	## Current conclusion	The Sektor takeover line is **Runtime-confirmed as a bounded proof workstream, not a production feature**.	historical-proofs	Historical, bounded proof chronology; no production installation implied	68d1288a94b7011fabf3b4ab96cfa76bf36905a4
SEKHIST-002	Sektor-Takeover-Proof-History.md	v75 is the last stable tested flight baseline	13	## Current conclusion	The straight-missile line has user runtime evidence through **v89**. v75 is the last stable tested flight baseline. v80 constructor-only and v83 raw pre-insertion frame binding retain the Ice-derived first frame and blue missile; v81/v82 and v84 remove that first frame but produce a sparse rocket. The static cause of the controls is the ordinary parent-to-child frame schedule and separate palette ownership, not a missing same-shape texture rebuild. On straight mode zero, `0x8004B028` skips the v75 parent wrapper; `0x8004B584` advances a stock Ice frame after token construction, and the child later advances file-`0x87 +0xD90` to the rocket. v83's early bind is overwritten by that parent advance. v84 moves the controller cursor to rocket loop `+0xD90` before insertion and, under selector zero, the initial Ice-derived frame is no longer visibly recognizable; v88 later proves that descriptor/cursor advance alone does not make the correct rocket texture synchronously ready. v81/v82/v84 force selector zero, which maps to fixed handle `0x80`; the player's Sektor palette has its own dynamic 	historical-proofs	Historical, bounded proof chronology; no production installation implied	68d1288a94b7011fabf3b4ab96cfa76bf36905a4
SEKHIST-003	Sektor-Takeover-Proof-History.md	current production conflict remains	15	## Current conclusion	The strongest current production conflict remains the proof-code line inside the production bootstrap composite `[0x9AD84,0x9AF20)`. v62's standalone combo continuation uses `[0x9AD90,0x9ADA0)`; v65-v70 helper code begins at `0x9ADA0`, with v70 using the same proof-owned interval up to the bootstrap boundary. These artifacts validate semantics only; none of those offsets are reusable production allocations. The early Sektor helper line demonstrates the same rule from the opposite direction: zero-filled-looking `[0xA1308,0xA1544)` was live stock action/dispatch data, and overwriting it caused input-specific hangs.	historical-proofs	Historical, bounded proof chronology; no production installation implied	68d1288a94b7011fabf3b4ab96cfa76bf36905a4
SEKHIST-004	Sektor-Takeover-Proof-History.md	v85 is **built, runtime untested	13	## Current conclusion	The straight-missile line has user runtime evidence through **v89**. v75 is the last stable tested flight baseline. v80 constructor-only and v83 raw pre-insertion frame binding retain the Ice-derived first frame and blue missile; v81/v82 and v84 remove that first frame but produce a sparse rocket. The static cause of the controls is the ordinary parent-to-child frame schedule and separate palette ownership, not a missing same-shape texture rebuild. On straight mode zero, `0x8004B028` skips the v75 parent wrapper; `0x8004B584` advances a stock Ice frame after token construction, and the child later advances file-`0x87 +0xD90` to the rocket. v83's early bind is overwritten by that parent advance. v84 moves the controller cursor to rocket loop `+0xD90` before insertion and, under selector zero, the initial Ice-derived frame is no longer visibly recognizable; v88 later proves that descriptor/cursor advance alone does not make the correct rocket texture synchronously ready. v81/v82/v84 force selector zero, which maps to fixed handle `0x80`; the player's Sektor palette has its own dynamic 	historical-proofs	Historical, bounded proof chronology; no production installation implied	68d1288a94b7011fabf3b4ab96cfa76bf36905a4
SEKHIST-005	Sektor-Takeover-Proof-History.md	v89	13	## Current conclusion	The straight-missile line has user runtime evidence through **v89**. v75 is the last stable tested flight baseline. v80 constructor-only and v83 raw pre-insertion frame binding retain the Ice-derived first frame and blue missile; v81/v82 and v84 remove that first frame but produce a sparse rocket. The static cause of the controls is the ordinary parent-to-child frame schedule and separate palette ownership, not a missing same-shape texture rebuild. On straight mode zero, `0x8004B028` skips the v75 parent wrapper; `0x8004B584` advances a stock Ice frame after token construction, and the child later advances file-`0x87 +0xD90` to the rocket. v83's early bind is overwritten by that parent advance. v84 moves the controller cursor to rocket loop `+0xD90` before insertion and, under selector zero, the initial Ice-derived frame is no longer visibly recognizable; v88 later proves that descriptor/cursor advance alone does not make the correct rocket texture synchronously ready. v81/v82/v84 force selector zero, which maps to fixed handle `0x80`; the player's Sektor palette has its own dynamic 	historical-proofs	Historical, bounded proof chronology; no production installation implied	68d1288a94b7011fabf3b4ab96cfa76bf36905a4
SEKHIST-006	Sektor-Takeover-Proof-History.md	six-pose Run	17	## Six-pose Run branch and cadence reconciliation	## Six-pose Run branch and cadence reconciliation	historical-proofs	Historical, bounded proof chronology; no production installation implied	68d1288a94b7011fabf3b4ab96cfa76bf36905a4
TOSTA-001	Toasty-Audio-Research.md	selector slot 0x1B	12	## Current accepted conclusion	preserved/source selector slot 0x1B  (DF: toasty)	toasty-donor-audio	Toasty-specific donor SN64 audio; do NOT conflate with active Inventory music diagnosis	f4028403920c877b201baf74262beb9219bbfa2c
TOSTA-002	Toasty-Audio-Research.md	waveform 77	17	## Current accepted conclusion	-> waveform 77	toasty-donor-audio	Toasty-specific donor SN64 audio; do NOT conflate with active Inventory music diagnosis	f4028403920c877b201baf74262beb9219bbfa2c
TOSTA-003	Toasty-Audio-Research.md	-2253	18	## Current accepted conclusion	-> retail waveform correction -2253 cents	toasty-donor-audio	Toasty-specific donor SN64 audio; do NOT conflate with active Inventory music diagnosis	f4028403920c877b201baf74262beb9219bbfa2c
TOSTA-004	Toasty-Audio-Research.md	event 52 -> patch 68 -> subpatch 608 -> waveform 533	845	### Toasty dedicated-audio proof v46 — runtime confirmed	`event 52 -> patch 68 -> subpatch 608 -> waveform 533`.	toasty-donor-audio	Toasty-specific donor SN64 audio; do NOT conflate with active Inventory music diagnosis	f4028403920c877b201baf74262beb9219bbfa2c
TOSTA-005	Toasty-Audio-Research.md	ordinary pickup audio remains stock	851	### v47 production-composition audio gate	**Runtime-confirmed on 2026-09-25.** The user reported the full current production-composition v47 ROM works perfectly. The v46 dedicated route remains intact, ordinary pickup audio remains stock, and no regression was reported in the exercised production systems. v47 used 500/1000 only to make this composition gate fast to validate. The merged production module changes only that tuning to the selected **80/1000 (8%)**; the dedicated event/patch/subpatch/waveform route and donor audio bytes are otherwise unchanged.	toasty-donor-audio	Toasty-specific donor SN64 audio; do NOT conflate with active Inventory music diagnosis	f4028403920c877b201baf74262beb9219bbfa2c
TOSTA-006	Toasty-Audio-Research.md	80/1000 (8%)	851	### v47 production-composition audio gate	**Runtime-confirmed on 2026-09-25.** The user reported the full current production-composition v47 ROM works perfectly. The v46 dedicated route remains intact, ordinary pickup audio remains stock, and no regression was reported in the exercised production systems. v47 used 500/1000 only to make this composition gate fast to validate. The merged production module changes only that tuning to the selected **80/1000 (8%)**; the dedicated event/patch/subpatch/waveform route and donor audio bytes are otherwise unchanged.	toasty-donor-audio	Toasty-specific donor SN64 audio; do NOT conflate with active Inventory music diagnosis	f4028403920c877b201baf74262beb9219bbfa2c
TOSTV-001	Toasty-Visual-Research.md	v15 is **Runtime-confirmed**	9	## Current unresolved boundary	**Current boundary:** v15 is **Runtime-confirmed** for genuine Toasty CI8 pixels through the gameplay-HUD textured-node path. v16 is **Runtime-confirmed as a palette-binding failure that nevertheless proves the clone-local palette-selector route is live**: changing only the clone to selector `0x11` changed the rendered colors substantially, but the image became pale/pink/green and visually corrupted rather than correctly colored.	toasty-presentation	Toasty presentation provenance; early failed diagnostics are not production conclusions	6248c7784824198e3f2d79c5ed69aec21289565b
TOSTV-002	Toasty-Visual-Research.md	v16 is **Runtime-confirmed	9	## Current unresolved boundary	**Current boundary:** v15 is **Runtime-confirmed** for genuine Toasty CI8 pixels through the gameplay-HUD textured-node path. v16 is **Runtime-confirmed as a palette-binding failure that nevertheless proves the clone-local palette-selector route is live**: changing only the clone to selector `0x11` changed the rendered colors substantially, but the image became pale/pink/green and visually corrupted rather than correctly colored.	toasty-presentation	Toasty presentation provenance; early failed diagnostics are not production conclusions	6248c7784824198e3f2d79c5ed69aec21289565b
TOSTV-003	Toasty-Visual-Research.md	v17 is **Implementation/static-confirmed	13	## Current unresolved boundary	v17 is **Implementation/static-confirmed; runtime pending manual validation.** It keeps v16's selector/pointer/code/image/geometry paths byte-for-byte unchanged and changes only the 512 custom TLUT bytes by applying the exact BGR555-source -> RGBA5551-hardware channel/alpha conversion.	toasty-presentation	Toasty presentation provenance; early failed diagnostics are not production conclusions	6248c7784824198e3f2d79c5ed69aec21289565b
TOSTV-004	Toasty-Visual-Research.md	accepted controls/CI4 full-product v02	52	## Accepted CI4 production composition (2026-09-27)	The accepted controls/CI4 full-product v02 repacks the nine Toasty slices as 16-color CI4 within the existing 16 KiB reservation. On 2026-10-01, the production donor translator received a palette-only visual polish approved from the exact generated CI4 preview: TLUT entries `3/4/6/9` change to RGBA5551 `0x388F/0x5059/0x6221/0xA2AD` to restore a stronger purple shirt tone. Production now stores the same padded CI4 slice bytes with deterministic PackBits-style compression and expands them through a `0x7C`-byte native decoder during init; decoded texture bytes, 78x85 visible geometry, palette contents, runtime texture allocation semantics, and audio path are unchanged. The compact module is ROM `[0x00F697E0,0x00F6A912)` / RDRAM `[0x801B1000,0x801B2132)`, size `0x1132` = 4,402 bytes, leaving `0x12EE` bytes before the 16-KiB reservation boundary. The donor translator uses a deterministic 16-entry RGBA5551 palette (previous accepted-v02 SHA-256 `687569e2c16520796b0f11ace50915827d50320e73ac15690f9e3bc5914e4a5b`; current palette-only polish SHA-256 `127d1f012b7f7e8f6dac125bc57e02f87a10c561ba	toasty-presentation	Toasty presentation provenance; early failed diagnostics are not production conclusions	6248c7784824198e3f2d79c5ed69aec21289565b
TOSTV-005	Toasty-Visual-Research.md	3/16/8	849	### Toasty feature-core presentation adjustment v42	Runtime result: the user reported v42 as **perfect**. The image lands flush at the lower-right edge, the 3/16/8 presentation timing feels correct, the Toasty voice fires once, and stock HUD/player rendering remains intact on the tested route. v42 is therefore the current accepted presentation baseline.	toasty-presentation	Toasty presentation provenance; early failed diagnostics are not production conclusions	6248c7784824198e3f2d79c5ed69aec21289565b
TOSTV-006	Toasty-Visual-Research.md	0x8002DF28	887	### Gameplay-trigger reconciliation and proof v43	The narrow host seam is **VA `0x8002DF28` / ROM `0x0002EB28`**, after collision success and after the blocked branch has already separated. Immediately before that call, stock code reads the strike record's unblocked reaction byte at `+0x08`, indexes the reaction table, and places the resolved victim-reaction callback in `a0`. The stock call transfers the victim through `0x8002E078`.	toasty-presentation	Toasty presentation provenance; early failed diagnostics are not production conclusions	6248c7784824198e3f2d79c5ed69aec21289565b
PS1-001	PS1-Research.md	Target executable: `SLUS_004.76`	3	Document introduction	Unless stated otherwise, PS1 results are **static-confirmed**, not runtime-confirmed. Target executable: `SLUS_004.76`.	ps1-only	PS1 SLUS_004.76 static study only; no N64/global VA import	ccbfa10263daf0be202c65377f52c2b4d10bea7a
PS1-002	PS1-Research.md	not certified free memory	17	## Executable and memory layout	The large apparent interval below the stack is not certified free memory. A PS1 port needs runtime allocation/overlay validation before reserving anything.	ps1-only	PS1 SLUS_004.76 static study only; no N64/global VA import	ccbfa10263daf0be202c65377f52c2b4d10bea7a
PS1-003	PS1-Research.md	207-entry directory	21	## Resource directory	The executable has a 207-entry directory: location table `0x80012F28`, size table `0x80013264`. IDs `0x00..0x1B` are 28 movie references with size zero in this directory; IDs `0x1C..0xCE` are 179 files whose declared sizes match the extracted resources.	ps1-only	PS1 SLUS_004.76 static study only; no N64/global VA import	ccbfa10263daf0be202c65377f52c2b4d10bea7a
PS1-004	PS1-Research.md	same `0x30`-byte record	50	## Pickups and inventory	PS1 pickup manager `0x8005499C` uses the same `0x30`-byte record architecture and the same 84 ordinary-location boundary. The stage-local resource-table root is `0x800D82F4`.	ps1-only	PS1 SLUS_004.76 static study only; no N64/global VA import	ccbfa10263daf0be202c65377f52c2b4d10bea7a
PS1-005	PS1-Research.md	ten-word inventory is at	64	## Pickups and inventory	The ten-word inventory is at `0x800ACE28`; insertion is `0x8004C0B0`. IDs `0x00..0x24` correspond closely to N64; `0x25` Power Upgrade is not a stock item.	ps1-only	PS1 SLUS_004.76 static study only; no N64/global VA import	ccbfa10263daf0be202c65377f52c2b4d10bea7a
PS1-006	PS1-Research.md	`0x900`	117	## Save format	Memory-card file: `BASLUS-00476SUBZERO`, image size `0x900`. Checksum routine `0x80090B94` zeros the checksum field, adds `0x258`, then XORs `0x240` words; initialization is `0x80090BCC`.	ps1-only	PS1 SLUS_004.76 static study only; no N64/global VA import	ccbfa10263daf0be202c65377f52c2b4d10bea7a
XPORT-001	N64-PS1-Comparison.md	do not share executable addresses	3	Document introduction	The ports share strong source/data lineage, but they do not share executable addresses, overlay placement, file containers, patch sites, free-memory claims, or checksum behavior.	cross-platform	Cross-platform shared data lineage only; patch offsets/ROM and runtime differ	2c3f86a5051d88e2e07721d94a485b4fd9f91371
XPORT-002	N64-PS1-Comparison.md	84 records	11	Document introduction	¦ Ordinary pickups ¦ 84 records, manager `0x80038ACC` ¦ 84 records, manager `0x8005499C` ¦ Record grammar strongly shared ¦	cross-platform	Cross-platform shared data lineage only; patch offsets/ROM and runtime differ	2c3f86a5051d88e2e07721d94a485b4fd9f91371
XPORT-003	N64-PS1-Comparison.md	descriptor bytes match after endian conversion	34	## Shared type-specific AI/control data	The descriptor bytes match after endian conversion. This is direct shared game-data lineage, not merely similar high-level behavior. It still does not make the PS1 and N64 evaluator code addresses interchangeable.	cross-platform	Cross-platform shared data lineage only; patch offsets/ROM and runtime differ	2c3f86a5051d88e2e07721d94a485b4fd9f91371
XPORT-004	N64-PS1-Comparison.md	N64 virtual address cannot be transplanted	44	## Unsafe conclusions	- An N64 virtual address cannot be transplanted to PS1.	cross-platform	Cross-platform shared data lineage only; patch offsets/ROM and runtime differ	2c3f86a5051d88e2e07721d94a485b4fd9f91371
XPORT-005	N64-PS1-Comparison.md	not automatically free	47	## Unsafe conclusions	- Apparent space between PS1 overlay end and stack is not automatically free.	cross-platform	Cross-platform shared data lineage only; patch offsets/ROM and runtime differ	2c3f86a5051d88e2e07721d94a485b4fd9f91371
XPORT-006	N64-PS1-Comparison.md	N64 CRC logic	48	## Unsafe conclusions	- N64 CRC logic, KSEG alias rules, and MIPS instruction patches do not define PS1 disc/save handling.	cross-platform	Cross-platform shared data lineage only; patch offsets/ROM and runtime differ	2c3f86a5051d88e2e07721d94a485b4fd9f91371
LIFEV05-001	Lifecycle-Static-Closure-v05.md	proposed, unbuilt v05	3	Document introduction	2026-10-01. **Static analysis / proposed, unbuilt v05.** No emulator was run and no ROM was built or modified. Runtime acceptance remains Pending.	superseded-unbuilt	Historical unbuilt v05 design superseded by accepted v06 lifecycle; do not implement candidate hooks	012e2d13f1dd25872ac61f3ac781fbf55d3b157c
LIFEV05-002	Lifecycle-Static-Closure-v05.md	entire v04 composition is rejected	14	## Evidence and scope	The v04 builder was not recovered. Its emitted instructions were inspected directly. Machine-readable trace evidence (`lifecycle-static-v05.json`) is outside the scope of this Wiki publication; the Wiki records the relevant guards, identities and evidence limits. This report does not attribute the intermittent music-speed corruption to a specific instruction: its cause is unresolved, and the entire v04 composition is rejected.	superseded-unbuilt	Historical unbuilt v05 design superseded by accepted v06 lifecycle; do not implement candidate hooks	012e2d13f1dd25872ac61f3ac781fbf55d3b157c
LIFEV05-003	Lifecycle-Static-Closure-v05.md	ROM `0x364EC` is prohibited	116	## Real terminal discriminator and reset	**ROM `0x364EC` is prohibited.** In this verified clean image it maps to VA `0x800358EC`, the stage-sensitive no-continues presentation subtree. That mapping does not rescue the rejected v01 reset composition or establish an exclusive final-reset hook: v01 runtime cleared state on stage entry. Use the classified later terminal seam instead; keep the reported v01 failure and the verified clean mapping distinct.	superseded-unbuilt	Historical unbuilt v05 design superseded by accepted v06 lifecycle; do not implement candidate hooks	012e2d13f1dd25872ac61f3ac781fbf55d3b157c
LIFEV05-004	Lifecycle-Static-Closure-v05.md	real-run failure context	114	## Real terminal discriminator and reset	Proposed hook: **VA `0x80035BB4` / ROM `0x367B4`**, original `jal 0x80028794` with `li a0,4` delay slot (`0C00A1E5 24040004`). Guard current lives `== 0`, signed continues `<= 0`, a valid MKSV lifecycle header, and a latched real-run failure context. Clear only after classification, then replay the stock yield exactly once. Stock then restores the saved stage, destroys processes at `0x80035BCC`, schedules title callback `0x800144E8` at `0x80035C1C`, and exits through `0x80028564` at `0x80035C24`.	superseded-unbuilt	Historical unbuilt v05 design superseded by accepted v06 lifecycle; do not implement candidate hooks	012e2d13f1dd25872ac61f3ac781fbf55d3b157c
LIFEV05-005	Lifecycle-Static-Closure-v05.md	mask `0x3E00`	125	## Real terminal discriminator and reset	- Empty all four backing boxes and LIVE with native empty sentinel `-1`, not item ID zero. Reset box index/latch while retaining **all five preference bits, mask `0x3E00`**: TURN `0x0200`, ATTACK `0x0400`, SPECIALS `0x0800`, JUMP `0x1000`, RUN `0x2000`. Keep/reestablish `MKBX` magic. The old inventory-only mask omits RUN; do not reuse it for reset.	superseded-unbuilt	Historical unbuilt v05 design superseded by accepted v06 lifecycle; do not implement candidate hooks	012e2d13f1dd25872ac61f3ac781fbf55d3b157c
LIFEV05-006	Lifecycle-Static-Closure-v05.md	proposed bounded suballocation	147	## Single v05 design — no build authorization implied	Existing shared file `0x1A` is loaded by the production `0x800663E0` arena/bootstrap boundary before the stage constructor (Temple example: bootstrap call `0x8000E1F0`, constructor `0x8000E544`). Candidate helpers must use uncached execution and guarded full-composition suballocation after current materializer end `0x801B0A60`, below Toasty `0x801B1000`; corresponding ROM candidate span is `[0xF69240,0xF697E0)`. This is **a proposed bounded suballocation**, not confirmed-free memory. Do not enlarge the existing 16-KiB reservation, reload file `0x1A` from the frontend, or reuse v04's `0x801B0970/0x801B0A20`, which overlap current materializer ownership.	superseded-unbuilt	Historical unbuilt v05 design superseded by accepted v06 lifecycle; do not implement candidate hooks	012e2d13f1dd25872ac61f3ac781fbf55d3b157c
FAIL-001	Experiments-Failures-and-Superseded-Findings.md	do not equate every music-speed symptom	3	Document introduction	**Rich Inventory failure evidence (2026-10-08): do not equate every music-speed symptom with a proven corrupting write.** Fortress preload removes the reliable hang but does not alone eliminate acceleration. The accepted changing-data materialization proof passes its extensive route; production Vanilla v01 shows a stray glyph, and v02 fixes two continuation targets yet later accelerates tempo. Prepared-glyph renderer experiments remain rejected. Current v02 snapshot checks contradict present code/HUD/private-palette/audio-bank damage, while transient history and native audio submission chronology remain Pending. See [focused manifest and negative controls](Production-Rich-Inventory-Music-Static-Investigation).	rejected-superseded	Negative/superseded index only; current owner status/evidence takes precedence	9bea08b7f4851440ab143bf6da0b891affe2ca6c
FAIL-002	Experiments-Failures-and-Superseded-Findings.md	synchronous-flash lifecycle failure	7	Document introduction	**Power Upgrade synchronous-flash lifecycle failure (2026-10-05):** v21 showed that rapidly collecting two or three adjacent Power pickups could leave later items uncollectible. v22 removed only the yielding white-flash wrapper and Runtime-confirmed normal rapid pickup, isolating sleeps/yields inside the pickup callback. v23 moves the same visual cadence to one guarded child process and Runtime-confirms the correction. **Rejected architecture:** do not sleep/yield inside a logical pickup-award callback merely for presentation; award and return synchronously, then schedule visual feedback separately.	rejected-superseded	Negative/superseded index only; current owner status/evidence takes precedence	9bea08b7f4851440ab143bf6da0b891affe2ca6c
FAIL-003	Experiments-Failures-and-Superseded-Findings.md	Signed low immediate	21	## Address, action, and lifecycle corrections	¦ Treat current-process global as `0x802FCE20` ¦ Address interpretation was wrong ¦ Signed low immediate `0xCE20` paired with `lui 0x802F` yields effective address `0x802ECE20` ¦ [Player actions and special moves](Player-Actions-and-Special-Moves) ¦	rejected-superseded	Negative/superseded index only; current owner status/evidence takes precedence	9bea08b7f4851440ab143bf6da0b891affe2ca6c
FAIL-004	Experiments-Failures-and-Superseded-Findings.md	Control proof v01	22	## Address, action, and lifecycle corrections	¦ Direction-facing control proof v01 ¦ First opposite-direction press immediately hard-hung ¦ The proof accidentally reused rejected `0x802FCE20` as the current-controller global on the flip-only path; v02 changed only that interpretation to `0x802ECE20` and Runtime-confirmed the intended control behavior on the tested route ¦ [Player actions and special moves](Player-Actions-and-Special-Moves) ¦	rejected-superseded	Negative/superseded index only; current owner status/evidence takes precedence	9bea08b7f4851440ab143bf6da0b891affe2ca6c
FAIL-005	Experiments-Failures-and-Superseded-Findings.md	v20 Runtime-confirms	5	Document introduction	**Inventory-HUD independent failures (2026-10-05):** v09 synchronous TEST LAB pickup bootstrap caused startup failure; v13 added a stale call into reclaimed `0x800742E0`; v14 repaired that trampoline but introduced a separate first-load size bug in compacted HUD ensure. v16 disables startup setup and Runtime-confirms Inventory still hangs. v17 misinterpreted the signed stage-resource offset; v18 fixed it and showed nine pickups; v19 count 9→2 still hung. **v20 Runtime-confirms the one-word HUD allocation-size correction removes the Inventory hang on the bounded TEST LAB route.** Do not reattribute this older Inventory failure to later pickup-manager/resource pressure. Earth horizontal wall spikes are difficulty-gated, not broken; earlier HUD proofs accidentally used difficulty 2 instead of the project Very Hard baseline. See [TEST LAB Inventory diagnosis](Test-Lab-Inventory-Hang-Static-Diagnosis).	rejected-superseded	Negative/superseded index only; current owner status/evidence takes precedence	9bea08b7f4851440ab143bf6da0b891affe2ca6c
FAIL-006	Experiments-Failures-and-Superseded-Findings.md	## Allocation rule	174	## Allocation rule	## Allocation rule	rejected-superseded	Negative/superseded index only; current owner status/evidence takes precedence	9bea08b7f4851440ab143bf6da0b891affe2ca6c
