stage	native_stage_id	ordinal	identity	rom_base	rdram_base	type	parameter	callback	resource_slot	presentation	collected	token	requires	source
Temple	0	1	Herbs	0x000CEF6C		0x00000001	0x00000000	0x800389BC	15	0x800B1D38	0x00000000	—	—	Stage-Catalog-Temple.md
Temple	0	2	Herbs	0x000CEF9C		0x00000001	0x00000000	0x800389BC	15	0x800B1D38	0x00000000	—	—	Stage-Catalog-Temple.md
Temple	0	3	Herbs	0x000CEFCC		0x00000001	0x00000000	0x800389BC	15	0x800B1D38	0x00000000	—	—	Stage-Catalog-Temple.md
Temple	0	4	Herbs	0x000CEFFC		0x00000001	0x00000000	0x800389BC	15	0x800B1D38	0x00000000	—	—	Stage-Catalog-Temple.md
Wind	1	1	Herbs	0x000D8424		0x00000001	0x00000000	0x800389BC	5	0x800B1D38	0x00000000	—	—	Stage-Catalog-Wind.md
Wind	1	2	Herbs	0x000D8454		0x00000001	0x00000000	0x800389BC	5	0x800B1D38	0x00000000	—	—	Stage-Catalog-Wind.md
Wind	1	3	Extra-life urn	0x000D8484		0x00000002	0x00000000	0x80038A1C	4	0x800B1D38	0x00000000	—	—	Stage-Catalog-Wind.md
Wind	1	4	Wind Circle	0x000D84B4		0x00000000	0x00000000	0x802F2CB4	0	0x800B1D18	0x00000000	wind-circle	—	Stage-Catalog-Wind.md
Wind	1	5	Wind Triangle	0x000D84E4		0x00000000	0x00000001	0x802F2CB4	2	0x800B1D18	0x00000000	wind-triangle	wind-circle	Stage-Catalog-Wind.md
Wind	1	6	Wind Three Bars	0x000D8514		0x00000000	0x00000002	0x802F2CB4	1	0x800B1D18	0x00000000	wind-three-bars	wind-triangle	Stage-Catalog-Wind.md
Water	2	1	Health urn	0x000BAB14		0x00000006	0x00000000	0x800389EC	28	0x800B1D38	0x00000000	—	—	Stage-Catalog-Water.md
Water	2	2	Health urn	0x000BAB44		0x00000006	0x00000000	0x800389EC	28	0x800B1D38	0x00000000	—	water-moon	Stage-Catalog-Water.md
Water	2	3	Mana pickup	0x000BAB74		0x00000003	0x00000000	0x80038A58	26	0x800B1C14	0x00000000	—	—	Stage-Catalog-Water.md
Water	2	4	Herbs	0x000BABA4		0x00000001	0x00000000	0x800389BC	25	0x800B1D38	0x00000000	—	—	Stage-Catalog-Water.md
Water	2	5	Potion	0x000BABD4		0x00000001	0x00000000	0x800388FC	27	0x800B1BAC	0x00000000	—	—	Stage-Catalog-Water.md
Water	2	6	Extra-life urn	0x000BAC04		0x00000002	0x00000000	0x80038A1C	24	0x800B1D38	0x00000000	—	—	Stage-Catalog-Water.md
Water	2	7	Water Triangle	0x000BAC34		0x00000000	0x00000000	0x802F2448	4	0x800B1D18	0x00000000	water-triangle	—	Stage-Catalog-Water.md
Water	2	8	Water Three Bars	0x000BAC64		0x00000000	0x00000001	0x802F2448	5	0x800B1D18	0x00000000	water-three-bars	water-triangle	Stage-Catalog-Water.md
Water	2	9	Water Moon	0x000BAC94		0x00000000	0x00000002	0x802F2448	6	0x800B1D18	0x00000000	water-moon	water-three-bars	Stage-Catalog-Water.md
Earth	3	1	Earth Square	0x000E1284		0x00000000	0x00000000	0x802F52B0	0	0x800B1D18	0x00000000	earth-square	—	Stage-Catalog-Earth.md
Earth	3	2	Earth Four Square	0x000E12B4		0x00000000	0x00000001	0x802F52B0	1	0x800B1D18	0x00000000	earth-four-square	earth-square	Stage-Catalog-Earth.md
Earth	3	3	Earth Triangle	0x000E12E4		0x00000000	0x00000002	0x802F52B0	2	0x800B1D18	0x00000000	earth-triangle	earth-four-square	Stage-Catalog-Earth.md
Earth	3	4	Formula	0x000E1314		0x00000009	0x00000000	0x8003898C	20	0x800B1D38	0x00000000	—	—	Stage-Catalog-Earth.md
Earth	3	5	Extra-life urn	0x000E1344		0x00000002	0x00000000	0x80038A1C	13	0x800B1D38	0x00000000	—	—	Stage-Catalog-Earth.md
Earth	3	6	Herbs	0x000E1374		0x00000001	0x00000000	0x800389BC	14	0x800B1D38	0x00000000	—	—	Stage-Catalog-Earth.md
Earth	3	7	Extra-life urn	0x000E13A4		0x00000002	0x00000000	0x80038A1C	13	0x800B1D38	0x00000000	—	—	Stage-Catalog-Earth.md
Earth	3	8	Mana pickup	0x000E13D4		0x00000003	0x00000000	0x80038A58	15	0x800B1C14	0x00000000	—	earth-square	Stage-Catalog-Earth.md
Earth	3	9	Mana pickup	0x000E1404		0x00000003	0x00000000	0x80038A58	15	0x800B1C14	0x00000000	—	earth-square	Stage-Catalog-Earth.md
Earth	3	10	Extra-life urn	0x000E1434		0x00000002	0x00000000	0x80038A1C	13	0x800B1D38	0x00000000	—	earth-square	Stage-Catalog-Earth.md
Earth	3	11	Herbs	0x000E1464		0x00000001	0x00000000	0x800389BC	14	0x800B1D38	0x00000000	—	earth-square	Stage-Catalog-Earth.md
Earth	3	12	Herbs	0x000E1494		0x00000001	0x00000000	0x800389BC	14	0x800B1D38	0x00000000	—	earth-square	Stage-Catalog-Earth.md
Earth	3	13	Herbs	0x000E14C4		0x00000001	0x00000000	0x800389BC	14	0x800B1D38	0x00000000	—	earth-four-square	Stage-Catalog-Earth.md
Earth	3	14	Extra-life urn	0x000E14F4		0x00000002	0x00000000	0x80038A1C	13	0x800B1D38	0x00000000	—	earth-four-square	Stage-Catalog-Earth.md
Earth	3	15	Herbs	0x000E1524		0x00000001	0x00000000	0x800389BC	14	0x800B1D38	0x00000000	—	earth-four-square	Stage-Catalog-Earth.md
Earth	3	16	Herbs	0x000E1554		0x00000001	0x00000000	0x800389BC	14	0x800B1D38	0x00000000	—	earth-four-square	Stage-Catalog-Earth.md
Earth	3	17	Herbs	0x000E1584		0x00000001	0x00000000	0x800389BC	14	0x800B1D38	0x00000000	—	earth-four-square	Stage-Catalog-Earth.md
Earth	3	18	Extra-life urn	0x000E15B4		0x00000002	0x00000000	0x80038A1C	13	0x800B1D38	0x00000000	—	earth-four-square	Stage-Catalog-Earth.md
Earth	3	19	Eye	0x000E15E4		0x0000000A	0x00000000	0x8003895C	18	0x800B1D38	0x00000000	—	earth-four-square	Stage-Catalog-Earth.md
Earth	3	20	Shield	0x000E1614		0x00000007	0x00000000	0x8003892C	19	0x800B1D38	0x00000000	—	earth-four-square	Stage-Catalog-Earth.md
Prison	4	1	Prison L1	0x000CA030		0x00000000	0x00000000	0x80038770	0	0x800B1D18	0x00000000	prison-l1	—	Stage-Catalog-Prison.md
Prison	4	2	Prison L2	0x000CA060		0x00000000	0x00000001	0x80038770	1	0x800B1D18	0x00000000	prison-l2	prison-l1	Stage-Catalog-Prison.md
Prison	4	3	Prison L3	0x000CA090		0x00000000	0x00008002	0x80038770	2	0x800B1D18	0x00000000	prison-l3	prison-l1, prison-l2	Stage-Catalog-Prison.md
Prison	4	4	Strength urn	0x000CA0C0		0x00000005	0x00000000	0x80038A90	11	0x800B1D38	0x00000000	—	prison-l1, prison-l2	Stage-Catalog-Prison.md
Prison	4	5	Herbs	0x000CA0F0		0x00000001	0x00000000	0x800389BC	8	0x800B1D38	0x00000000	—	—	Stage-Catalog-Prison.md
Prison	4	6	Herbs	0x000CA120		0x00000001	0x00000000	0x800389BC	8	0x800B1D38	0x00000000	—	—	Stage-Catalog-Prison.md
Prison	4	7	Herbs	0x000CA150		0x00000001	0x00000000	0x800389BC	8	0x800B1D38	0x00000000	—	—	Stage-Catalog-Prison.md
Prison	4	8	Herbs	0x000CA180		0x00000001	0x00000000	0x800389BC	8	0x800B1D38	0x00000000	—	—	Stage-Catalog-Prison.md
Prison	4	9	Herbs	0x000CA1B0		0x00000001	0x00000000	0x800389BC	8	0x800B1D38	0x00000000	—	prison-l1, prison-l2, prison-l3	Stage-Catalog-Prison.md
Prison	4	10	Herbs	0x000CA1E0		0x00000001	0x00000000	0x800389BC	8	0x800B1D38	0x00000000	—	prison-l1	Stage-Catalog-Prison.md
Fire	5	1	Potion	0x000E6218	0x802F14C8	0x0000000B	0x00000000	0x800388FC	0x00000018	0x800B1BAC	0x00000000	—	—	Stage-Catalog-Fire.md
Fire	5	2	Formula	0x000E6248	0x802F14F8	0x00000009	0x00000000	0x8003898C	0x00000019	0x800B1D38	0x00000000	—	—	Stage-Catalog-Fire.md
Fire	5	3	Health urn	0x000E6098	0x802F1348	0x00000006	0x00000000	0x800389EC	0x0000001A	0x800B1D38	0x00000000	—	—	Stage-Catalog-Fire.md
Fire	5	4	Herbs	0x000E6308	0x802F15B8	0x00000001	0x00000000	0x800389BC	0x00000015	0x800B1D38	0x00000000	—	—	Stage-Catalog-Fire.md
Fire	5	5	Fire icon param 0	0x000E60F8	0x802F13A8	0x00000000	0x00000000	0x802F0EBC	0x00000000	0x800B1D18	0x00000000	fire-triangle-up	—	Stage-Catalog-Fire.md
Fire	5	6	Health urn	0x000E60C8	0x802F1378	0x00000006	0x00000000	0x800389EC	0x0000001A	0x800B1D38	0x00000000	—	—	Stage-Catalog-Fire.md
Fire	5	7	Shield	0x000E6368	0x802F1618	0x00000007	0x00000000	0x8003892C	0x00000016	0x800B1D38	0x00000000	—	—	Stage-Catalog-Fire.md
Fire	5	8	Herbs	0x000E6338	0x802F15E8	0x00000001	0x00000000	0x800389BC	0x00000015	0x800B1D38	0x00000000	—	—	Stage-Catalog-Fire.md
Fire	5	9	Extra life	0x000E6278	0x802F1528	0x00000002	0x00000000	0x80038A1C	0x00000014	0x800B1D38	0x00000000	—	—	Stage-Catalog-Fire.md
Fire	5	10	Fire icon param 1	0x000E61B8	0x802F1468	0x00000000	0x00000001	0x802F0EBC	0x00000001	0x800B1D18	0x00000000	fire-two-bars	—	Stage-Catalog-Fire.md
Fire	5	11	Extra life	0x000E6398	0x802F1648	0x00000002	0x00000000	0x80038A1C	0x00000014	0x800B1D38	0x00000000	—	—	Stage-Catalog-Fire.md
Fire	5	12	Eye	0x000E62A8	0x802F1558	0x0000000A	0x00000000	0x8003895C	0x00000017	0x800B1D38	0x00000000	—	—	Stage-Catalog-Fire.md
Fire	5	13	Potion	0x000E62D8	0x802F1588	0x0000000B	0x00000000	0x800388FC	0x00000018	0x800B1BAC	0x00000000	—	—	Stage-Catalog-Fire.md
Fire	5	14	Herbs	0x000E63C8	0x802F1678	0x00000001	0x00000000	0x800389BC	0x00000015	0x800B1D38	0x00000000	—	—	Stage-Catalog-Fire.md
Fire	5	15	Fire icon param 2	0x000E61E8	0x802F1498	0x00000000	0x00000002	0x802F0EBC	0x00000002	0x800B1D18	0x00000000	fire-triangle-down	—	Stage-Catalog-Fire.md
Fire	5	16	Herbs	0x000E63F8	0x802F16A8	0x00000001	0x00000000	0x800389BC	0x00000015	0x800B1D38	0x00000000	—	—	Stage-Catalog-Fire.md
Bridge	8	1	Bridge Omega	0x000BFFD8		0x00000000	0x00008000	0x802EF178	0	0x800B1D18	0x00000000	bridge-omega	—	Stage-Catalog-Bridge.md
Bridge	8	2	Bridge Rings	0x000C0008		0x00000000	0x00008001	0x802EF178	1	0x800B1D18	0x00000000	bridge-rings	—	Stage-Catalog-Bridge.md
Bridge	8	3	Bridge Arrow	0x000C0038		0x00000000	0x00008002	0x802EF178	2	0x800B1D18	0x00000000	bridge-arrow	—	Stage-Catalog-Bridge.md
Bridge	8	4	Health urn	0x000C0068		0x00000006	0x00008000	0x800389EC	24	0x800B1D38	0x00000000	—	—	Stage-Catalog-Bridge.md
Bridge	8	5	Potion	0x000C0098		0x0000000B	0x00000000	0x800388FC	23	0x800B1BAC	0x00000000	—	—	Stage-Catalog-Bridge.md
Bridge	8	6	Herbs	0x000C00C8		0x00000001	0x00000000	0x800389BC	21	0x800B1D38	0x00000000	—	—	Stage-Catalog-Bridge.md
Bridge	8	7	Extra-life urn	0x000C00F8		0x00000002	0x00000000	0x80038A1C	22	0x800B1D38	0x00000000	—	—	Stage-Catalog-Bridge.md
Bridge	8	8	Health urn	0x000C0128		0x00000006	0x00000000	0x800389EC	24	0x800B1D38	0x00000000	—	—	Stage-Catalog-Bridge.md
Bridge	8	9	Health urn	0x000C0158		0x00000006	0x00000000	0x800389EC	24	0x800B1D38	0x00000000	—	—	Stage-Catalog-Bridge.md
Bridge	8	10	Health urn	0x000C0188		0x00000006	0x00000000	0x800389EC	24	0x800B1D38	0x00000000	—	—	Stage-Catalog-Bridge.md
Fortress	9	1	Crystal Kia	0x000C4834		0x00000000	0x00008001	0x80038770	1	0x800B1BD0	0x00000000	crystal-kia	—	Stage-Catalog-Fortress.md
Fortress	9	2	Crystal Jataaka	0x000C4864		0x00000000	0x00008000	0x80038770	0	0x800B1BD0	0x00000000	crystal-jataaka	—	Stage-Catalog-Fortress.md
Fortress	9	3	Crystal Sareena	0x000C4894		0x00000000	0x00008002	0x80038770	2	0x800B1BD0	0x00000000	crystal-sareena	—	Stage-Catalog-Fortress.md
Fortress	9	4	Herbs	0x000C48C4		0x00000001	0x00000000	0x800389BC	3	0x800B1D38	0x00000000	—	—	Stage-Catalog-Fortress.md
Fortress	9	5	Herbs	0x000C48F4		0x00000001	0x00000000	0x800389BC	3	0x800B1D38	0x00000000	—	—	Stage-Catalog-Fortress.md
Fortress	9	6	Herbs	0x000C4924		0x00000001	0x00000000	0x800389BC	3	0x800B1D38	0x00000000	—	—	Stage-Catalog-Fortress.md
Fortress	9	7	Herbs	0x000C4954		0x00000001	0x00000000	0x800389BC	3	0x800B1D38	0x00000000	—	—	Stage-Catalog-Fortress.md
Fortress	9	8	Herbs	0x000C4984		0x00000001	0x00000000	0x800389BC	3	0x800B1D38	0x00000000	—	—	Stage-Catalog-Fortress.md
Fortress	9	9	Herbs	0x000C49B4		0x00000001	0x00000000	0x800389BC	3	0x800B1D38	0x00000000	—	—	Stage-Catalog-Fortress.md
