fact_id	canonical_owner	source_anchor	source_line	source_section	behavior_or_constraint	evidence	scope	limitation	source_blob_sha
FLOW-001	Stage-Flow-and-Selector.md	MKMSZR keeps the normal game stage-loader path	13	## Current production flow	Keep native stage loader, narrow frontend choice route	Runtime-confirmed bounded	n64-production	Do not bypass stock overlay/gameplay loader	05894eed8a2bb656a112f12cceac39a6e2f9fe9d
FLOW-002	Stage-Flow-and-Selector.md	production redirects that route at ROM	28	## Safe stage selector	Title A path redirects only to native debug selector 0x8000D0B8	Runtime-confirmed bounded; Static-confirmed	n64-production	Start is not an accepted shortcut	05894eed8a2bb656a112f12cceac39a6e2f9fe9d
FLOW-003	Stage-Flow-and-Selector.md	Stock entries excluded from production	43	## Safe stage selector	Exactly eight safe selector destinations; excluded Unused/Fire God Room/Test Characters	Runtime-confirmed bounded	n64-production	Internal stage IDs 0..5,8,9, not compact 0..7	05894eed8a2bb656a112f12cceac39a6e2f9fe9d
FLOW-004	Stage-Flow-and-Selector.md	byte-identical indexed pixel payloads	49	### Blue cursor and movement sound — Runtime-confirmed	Cursor frames 0x352..0x35A vs title 0x3CC..0x3D4 share indexed pixels; palette is feature-local	Static-confirmed	n64-presentation	No implicit asset-file replacement or free room	05894eed8a2bb656a112f12cceac39a6e2f9fe9d
FLOW-005	Stage-Flow-and-Selector.md	newly pressed single Up/Down direction	51	### Blue cursor and movement sound — Runtime-confirmed	Selector movement SFX is a debounced semantic edge, descriptor 0x1FC, not held repeat	Runtime-confirmed bounded	n64-presentation	Readiness route v03a only	05894eed8a2bb656a112f12cceac39a6e2f9fe9d
FLOW-006	Stage-Flow-and-Selector.md	Confirmation chime is intentionally deferred	55	### Blue cursor and movement sound — Runtime-confirmed	Stage selection commits via Start; adding chime on A was rejected after audio instability	Rejected / failed; Runtime-confirmed bounded	negative-control	Do not conflate old chime audio defect with current rich Inventory music investigation	05894eed8a2bb656a112f12cceac39a6e2f9fe9d
FLOW-007	Stage-Flow-and-Selector.md	Four-box integration relocates it	66	## Compact-to-native selection mapping	Selector compact index mapper relocated to ROM 0x9AEFC / VA 0x8009A2FC after inventory claims former cave	Static-confirmed; Implementation/CI-confirmed	n64-production	Never reuse old 0x9A700/0x80099B00 as free selector helper	05894eed8a2bb656a112f12cceac39a6e2f9fe9d
FLOW-008	Stage-Flow-and-Selector.md	Production changes only the guarded branch	77	## Post-legal company/logo bypass	Logo bypass skips two fixed company screens while preserving legal presentation, fade and title handoff	Runtime-confirmed bounded	n64-presentation	Do not bypass entire frontend routine	05894eed8a2bb656a112f12cceac39a6e2f9fe9d
FLOW-009	Stage-Flow-and-Selector.md	writes nonzero byte `0x15`	83	## Selector-specific automatic-save bypass	Selector arm byte 0x80291C0C skips only immediate native stage-entry save setup and subsequent automatic save	Static-confirmed; Runtime-confirmed bounded	n64-lifecycle	Generic manual/later/post-stage save remains intact	05894eed8a2bb656a112f12cceac39a6e2f9fe9d
FLOW-010	Stage-Flow-and-Selector.md	**Direct dependency chain:**	111	## Fire God Room / Stage 7 static composition differential (research, 2026-09-28)	Stage-7 negative debug branch suppresses player action gate 0x802C1A04; normal Fire uses class 0x75 timed recovery	Static-confirmed	stage-7-research	Exact v05 failure trigger still not proven; preconstruction context differs	05894eed8a2bb656a112f12cceac39a6e2f9fe9d
FLOW-011	Stage-Flow-and-Selector.md	**Rejected / insufficient diagnostics.**	113	## Fire God Room / Stage 7 static composition differential (research, 2026-09-28)	Stage-7 v02-v05 late-state writes fail to reproduce correct entry-order composition	Rejected / failed	stage-7-negative	Do not promote late gate edits as native Stage-7 repair	05894eed8a2bb656a112f12cceac39a6e2f9fe9d
FLOW-012	Stage-Flow-and-Selector.md	**Next bounded proof design (proposed, unbuilt).**	115	## Fire God Room / Stage 7 static composition differential (research, 2026-09-28)	Stage-7 normal Fire composition positive-control v06 proposed, never built/tested	Hypothesis / pending	stage-7-unbuilt	No production patch authorization	05894eed8a2bb656a112f12cceac39a6e2f9fe9d
FLOW-013	Stage-Flow-and-Selector.md	v33 Runtime-confirmed a stable	128	## Functional TEST LAB proof harness (Runtime-confirmed, 2026-09-28)	TEST LAB normal-Fire shell with 15 live non-Earth keys is bounded disposable proof harness	Runtime-confirmed bounded	test-lab-proof	Do not equate resource residency in TEST LAB with production approval	05894eed8a2bb656a112f12cceac39a6e2f9fe9d
FLOW-014	Stage-Flow-and-Selector.md	**Start-button selector shortcut — Rejected / failed.**	136	## Rejected or superseded flow approaches	Native title Start shortcut attempts rejected; A enters selector, Start confirms within selector	Rejected / failed	frontend-negative	Do not resurrect generalized Start shortcut	05894eed8a2bb656a112f12cceac39a6e2f9fe9d
FLOW-015	Stage-Flow-and-Selector.md	A-button Safe Stage Select route reaches all eight allowed stages	147	## Runtime and implementation evidence	Eight safe selector stages confirmed; not the hidden debug destinations	Runtime-confirmed bounded	n64-production	Stage coverage refers only to safe selectable eight	05894eed8a2bb656a112f12cceac39a6e2f9fe9d
FLOW-016	Stage-Flow-and-Selector.md	v20 Runtime-confirms the one-word size initialization correction	3	Preamble	TEST LAB Inventory v20 first-load HUD size delay-slot initialization removes reproducible hang	Runtime-confirmed bounded	test-lab-proof	Independent from recent rich Inventory accelerated-music trigger	05894eed8a2bb656a112f12cceac39a6e2f9fe9d
FLOW-017	Stage-Flow-and-Selector.md	Ordinary remaining-life respawn schedules	5	Preamble	Death/Continue frontend reconstruction and living reentry are distinct from selector flow	Static-confirmed; lifecycle v06 Runtime-confirmed bounded	n64-lifecycle	Do not restore lives unconditionally or invoke XP tiers on selector path	05894eed8a2bb656a112f12cceac39a6e2f9fe9d
