scope	kind	name	size	field	offset	datatype	value	evidence	note
global	enum	MKMSZ_ItemId	4					Static-confirmed	Native inventory item identifiers (partial)
global	member	MKMSZ_ItemId		POTION			0x01	Runtime-confirmed	Native Potion callback inserts item ID 1
global	member	MKMSZ_ItemId		FORMULA			0x02	Static-confirmed	Native Formula callback inserts item ID 2
global	member	MKMSZ_ItemId		EYE			0x03	Static-confirmed	Native Eye callback inserts item ID 3
global	member	MKMSZ_ItemId		HERBS			0x04	Runtime-confirmed	Native Herbs callback inserts item ID 4
global	member	MKMSZ_ItemId		HEALTH_URN			0x05	Static-confirmed	Native Health urn callback inserts item ID 5
global	member	MKMSZ_ItemId		SHIELD			0x06	Runtime-confirmed	Native Shield callback inserts item ID 6
global	member	MKMSZ_ItemId		GLASS_SEALED_INTERNAL			0x08	Static-confirmed	Stock Glass ID repurposed as LIVE-only SEALED placeholder in production
global	member	MKMSZ_ItemId		STRENGTH			0x0B	Static-confirmed	Native Strength callback inserts item ID 0x0B
global	struct	MKMSZ_BoxBacking	0xA8					Static-confirmed; Runtime-confirmed bounded	Four ten-word authoritative inventory boxes and settings/magic following at contiguous addresses
global	field	MKMSZ_BoxBacking		box0	0x00	u32[10]		Static-confirmed	Inventory box 0 at 0x800A6048
global	field	MKMSZ_BoxBacking		box1	0x28	u32[10]		Static-confirmed	Inventory box 1 at 0x800A6070
global	field	MKMSZ_BoxBacking		box2	0x50	u32[10]		Static-confirmed	Inventory box 2 at 0x800A6098
global	field	MKMSZ_BoxBacking		box3	0x78	u32[10]		Static-confirmed	Inventory box 3 at 0x800A60C0
global	field	MKMSZ_BoxBacking		settings	0xA0	u32		Static-confirmed	Persistent settings and active box at 0x800A60E8
global	field	MKMSZ_BoxBacking		magic	0xA4	u32		Static-confirmed	MKBX state sentinel at 0x800A60EC
