fact_id	tier	xp	source_anchor	owner_page	evidence	source_blob_sha
XP-TIER-1	1	85	| 1 | 85 |	XP-and-Progression.md	Static-confirmed; tier9 corrects legacy 7345 claim	817b1ed3efd1b83fa142cb929b976763f94a6f46
XP-TIER-2	2	258	| 2 | 258 |	XP-and-Progression.md	Static-confirmed; tier9 corrects legacy 7345 claim	817b1ed3efd1b83fa142cb929b976763f94a6f46
XP-TIER-3	3	834	| 3 | 834 |	XP-and-Progression.md	Static-confirmed; tier9 corrects legacy 7345 claim	817b1ed3efd1b83fa142cb929b976763f94a6f46
XP-TIER-4	4	1410	| 4 | 1410 |	XP-and-Progression.md	Static-confirmed; tier9 corrects legacy 7345 claim	817b1ed3efd1b83fa142cb929b976763f94a6f46
XP-TIER-5	5	2323	| 5 | 2323 |	XP-and-Progression.md	Static-confirmed; tier9 corrects legacy 7345 claim	817b1ed3efd1b83fa142cb929b976763f94a6f46
XP-TIER-6	6	3315	| 6 | 3315 |	XP-and-Progression.md	Static-confirmed; tier9 corrects legacy 7345 claim	817b1ed3efd1b83fa142cb929b976763f94a6f46
XP-TIER-7	7	4503	| 7 | 4503 |	XP-and-Progression.md	Static-confirmed; tier9 corrects legacy 7345 claim	817b1ed3efd1b83fa142cb929b976763f94a6f46
XP-TIER-8	8	5911	| 8 | 5911 |	XP-and-Progression.md	Static-confirmed; tier9 corrects legacy 7345 claim	817b1ed3efd1b83fa142cb929b976763f94a6f46
XP-TIER-9	9	7354	| 9 | 7354 |	XP-and-Progression.md	Static-confirmed; tier9 corrects legacy 7345 claim	817b1ed3efd1b83fa142cb929b976763f94a6f46
